title,source,content,type
Mau Kuliah di Unhas? Ayo. Hadiri Unhas Open Day 2026,https://www.unhas.ac.id/mau-kuliah-di-unhas-ayo-hadiri-unhas-open-day-2026/?lang=id,"Universitas Hasanuddin mengundang para siswa Sekolah Menengah Atas (SMA), khususnya yang saat ini duduk di kelas XII, untuk menghadiri Unhas Open Day (UOD) 2026. Kegiatan ini akan berlangsung selama 2 hari, yaitu Sabtu dan Minggu, 7 dan 8 Februari 2026, di GOR JK Arenatorium, mulai pukul 08.00 WITA. UOD 2026 merupakan ajang memperkenalkan kampus secara lebih dekat kepada calon mahasiswa dan masyarakat luas. Wakil Rektor Bidang Akademik dan Kemahasiswaan, Prof. drg. Muhammad Ruslin, M.Kes., Ph.D., Sp.BM(K), menjelaskan UOD 2026 merupakan bagian penting dari komitmen Unhas dalam menghadirkan layanan informasi pendidikan tinggi yang terbuka, akurat, dan mudah diakses oleh calon mahasiswa. “Kegiatan tahunan ini kami rancang sebagai ruang komunikasi langsung antara kampus dan calon mahasiswa. Melalui kegiatan ini, peserta dapat memperoleh informasi utuh mengenai sistem pendidikan, pilihan program studi, hingga berbagai peluang pengembangan diri dan beasiswa yang tersedia di Unhas,” ujar Prof Ruslin. UOD 2026 dirancang sebagai ruang interaksi dua arah. Calon mahasiswa tidak hanya menerima informasi, tetapi juga diberi kesempatan berdialog langsung dengan sivitas akademika Unhas, mulai dari dosen, pengelola fakultas, hingga mahasiswa. Dalam pelaksanaannya, UOD 2026 akan menghadirkan berbagai agenda, di antaranya pemaparan informasi fakultas dan program studi, layanan konsultasi akademik, sesi tanya jawab seputar jalur penerimaan mahasiswa baru, serta informasi beasiswa. Selain itu, pengalaman menjelajah kampus menjadi daya tarik tersendiri. Melalui agenda campus tour dan campus loop, peserta akan diajak melihat secara langsung berbagai fasilitas unggulan Unhas yang mendukung kegiatan akademik dan kemahasiswaan. Prof Ruslin menegaskan, Unhas Open Day juga mencerminkan komitmen kampus dalam membangun keterbukaan informasi dan pelayanan publik yang responsif, sejalan dengan upaya peningkatan mutu pendidikan tinggi. “Kami ingin memastikan setiap calon mahasiswa mendapatkan akses informasi yang setara dan transparan. UOD menjadi wujud komitmen Unhas dalam mendampingi generasi muda menyiapkan masa depan akademik dan profesional mereka,” tambahnya. Kegiatan ini terbuka untuk umum dan dapat diikuti secara gratis oleh calon mahasiswa baru. Hingga Rabu sore, jumlah pendaftar telah mencapai sekitar 5.000 peserta yang berasal dari berbagai daerah. Bagi calon peserta yang ingin mengikuti kegiatan ini, proses pendaftaran dapat dilakukan melalui tautan https://s.unhas.ac.id/RegistUOD2026.",berita
"22 Lulusan Terbaik Unhas Raih Penghargaan, Dominasi Predikat Cum Laude",https://www.unhas.ac.id/22-lulusan-terbaik-unhas-raih-penghargaan-dominasi-predikat-cum-laude/?lang=id,"Universitas Hasanuddin menggelar prosesi Wisuda Periode Februari Tahun Akademik 2025/2026 selama dua hari, Selasa–Rabu (3–4 Februari), bertempat di Baruga A.P. Pettarani, Kampus Tamalanrea. Pada momentum akademik ini, sebanyak 1.365 wisudawan dari berbagai jenjang pendidikan secara resmi dikukuhkan sebagai lulusan Universitas Hasanuddin. Pelaksanaan wisuda dibagi ke dalam dua sesi. Sesi pertama diikuti oleh 679 wisudawan, sementara sesi kedua dihadiri oleh 686 wisudawan. Dalam prosesi tersebut, sejumlah wisudawan berhasil mencatatkan prestasi membanggakan sebagai lulusan terbaik, sebagaimana ditetapkan melalui Surat Keputusan Rektor. Nama-nama wisudawan terbaik tersebut dibacakan oleh Direktur Pendidikan Universitas Hasanuddin, Prof. Dr. Risma Illa Maulany, S.Hut., M.NatRest. Adapun nama-nama lulusan terbaik tersebut adalah sebagai berikut: PROGRAM DOKTOR PROGRAM MAGISTER PROGRAM SARJANA FAKULTAS EKSAKTA PROGRAM SARJANA FAKULTAS NON EKSAKTA PROGRAM SUB SPESIALIS PROGRAM SPESIALIS PROGRAM PROFESI PROGRAM SARJANA (TERBAIK SETIAP FAKULTAS) Universitas Hasanuddin memberikan penghargaan berupa piagam kepada lulusan terbaik tingkat universitas dan fakultas dari berbagai jenjang pendidikan. Khusus wisudawan terbaik Program Sarjana bidang Eksakta dan Non-Eksakta, diberikan penghargaan tambahan berupa tabungan pendidikan.",berita
Rektor Unhas Tekankan Penguatan Budaya Ilmiah Global,https://www.unhas.ac.id/rektor-unhas-tekankan-penguatan-budaya-ilmiah-global/?lang=id,"Rektor Unhas, Prof. Dr. Ir. Jamaluddin Jompa, M.Sc, memaparkan perkembangan dan capaian strategis pada momen Wisuda Periode Februari 2026, Tahun Akademik 2025/2026. Wisuda berlangsung pada Selasa dan Rabu (3 dan 4 Februari 2026), di Baruga A.P. Pettarani, Kampus Unhas, Tamalanrea. Unhas semakin menegaskan jati diri institusi sebagai perguruan tinggi bereputasi, baik di tingkat nasional maupun global. Berbagai prestasi Unhas merupakan gambaran komitmen institusi dalam membangun ekosistem akademik yang unggul, berdaya saing, dan berdampak. “Capaian Unhas tidak lahir dari kerja individu, melainkan dari sinergi seluruh elemen sivitas akademika. Kolaborasi antara dosen, tenaga kependidikan, mahasiswa, alumni, dan mitra strategis telah membentuk budaya kerja yang solid, adaptif, dan berorientasi pada kemajuan bersama,” kata Prof JJ dalam sambutannya. Unhas menekankan pentingnya penguatan budaya ilmiah yang terbuka, inklusif, dan berorientasi global sebagai pondasi peningkatan kualitas akademik dan riset. Upaya tersebut menjadi bagian dari strategi meningkatkan reputasi internasional serta menyiapkan sivitas akademika yang adaptif, kolaboratif, dan mampu berkontribusi pada pengembangan ilmu pengetahuan di tingkat global. Salah satu inisiatif strategis yang terus dikembangkan adalah Thematic Research Group (TRG), yang terbukti mampu meningkatkan eksposur akademisi Unhas di tingkat nasional dan internasional, sekaligus membuka peluang kolaborasi dengan berbagai perguruan tinggi dan lembaga riset lintas negara. Salah satu wujud nyata dari komitmen tersebut dengan menyelenggarakan Nobel Laureate Lecture, menghadirkan ilmuwan peraih Nobel sebagai bagian dari langkah strategis internasionalisasi perguruan tinggi. Momentum ini membuka ruang dialog ilmiah, memperluas jejaring dan kolaborasi riset yang berdampak bagi sivitas akademika Unhas dan Indonesia. Keunggulan Unhas semakin diperkuat melalui kolaborasi internasional yang luas. Hingga saat ini, Unhas telah menjalin kemitraan strategis dengan 909 institusi internasional yang tersebar di 45 negara. Kemitraan tersebut membuka peluang bagi mahasiswa dan dosen untuk terlibat dalam riset bersama, pertukaran akademik, serta berbagai program inovatif yang mendukung daya saing global. “Manfaatkan jaringan internasional ini sebaik-baiknya. Kolaborasi yang telah terbangun bukan hanya milik universitas, tetapi juga menjadi akses bagi para alumni untuk terus berkembang, baik di dunia akademik, industri, maupun kewirausahaan,” kata Prof. JJ. Menutup sambutannya, Prof JJ berpesan bahwa wisuda bukanlah akhir dari perjalanan akademik, melainkan awal dari tanggung jawab baru untuk mengaktualisasikan ilmu pengetahuan dan keahlian dalam pengabdian kepada masyarakat, bangsa, dan negara.",berita
Sebanyak 1.365 Wisudawan Baru Pada Wisuda Unhas Periode Februari 2026,https://www.unhas.ac.id/sebanyak-1-365-wisudawan-baru-pada-wisuda-unhas-periode-februari-2026/?lang=id,"Universitas Hasanuddin kembali menyelenggarakan Prosesi Wisuda untuk Periode Februari Tahun Akademik 2025/2026. Sebanyak 1.365 wisudawan dari berbagai jenjang pendidikan secara resmi dikukuhkan sebagai lulusan, terdiri dari 505 (37,00%) laki-laki dan 860 (63,00%) Perempuan. Acara berlangsung dalam dua sesi, mulai Selasa (03/02) dan Rabu (04/02) di Baruga A.P Pettarani, Kampus Unhas Tamalanrea, Makassar. Wakil Rektor Bidang Akademik dan Kemahasiswaan, Prof. drg. Muhammad Ruslin, M.Kes., Ph.D., Sp.BM(K), menyampaikan laporan akademik wisudawan periode Februari, sekaligus berbagai upaya strategis dan capaian bidang akademik dan kemahasiswaan. Prof Ruslin menjelaskan, Unhas terus berkomitmen menjaga keseimbangan antara daya tampung penerimaan mahasiswa baru dengan kualitas lulusan. Dalam tiga tahun terakhir, Unhas menunjukkan trend positif. Unhas juga berkomitmen untuk meminimalisasi angka mahasiswa putus studi di seluruh jenjang pendidikan. Salah satu strategi yang diterapkan adalah monitoring dan evaluasi. “Monitoring evaluasi akademik dilakukan sistematis, bertujuan untuk identifikasi dini berbagai kendala akademik mahasiswa, sehingga dapat diberikan pendampingan yang tepat dan berkelanjutan,” jelas Prof Ruslin. Pendekatan tersebut tidak hanya berdampak pada peningkatan angka kelulusan tepat waktu, tetapi mendorong terciptanya ekosistem akademik yang adaptif dan berorientasi pada keberhasilan mahasiswa. Jumlah Wisudawan Berdasarkan Program Adapun Jumlah Wisudawan Perjenjang Pendidikan yakni : Rata-rata IPK dan Lama Studi: Rata-rata IPK dan Lama Studi Lulusan Terbaik Jumlah Wisudawan per Fakultas Seluruh rangkaian proses wisuda yang terbagi dalam dua sesi berlangsung lancar dan hikmat. Pada hari pertama, jumlah wisudawan yang mengikuti proses wisuda sebanyak 679. Untuk hari kedua, sebanyak 686 wisudawan",berita
"Komisi Nasional Disabilitas Berkunjung ke Unhas, Perkuat Implementasi Kampus Inklusif",https://www.unhas.ac.id/komisi-nasional-disabilitas-berkunjung-ke-unhas-perkuat-implementasi-kampus-inklusif/?lang=id,"Universitas Hasanuddin melalui Pusat Disabilitas (Pusdis) menerima kunjungan Komisi Nasional Disabilitas (KND) Republik Indonesia yang dipimpin oleh Komisioner, Eka Prastama Widiyanta. Pertemuan berlangsung di Ruang Rapat Rektor Lantai 8 Gedung Rektorat Unhas, Selasa (3/2). Ketua Pusat Disabilitas Unhas, Dr. Ishak Salim, S.IP., M.A., menjelaskan bahwa Pusdis Unhas dirancang sebagai ruang ternyaman dan aman bagi mahasiswa difabel untuk berkembang secara mandiri. Sebagian staf Pusdis merupakan mahasiswa yang menjadi pendamping sekaligus mitra bagi mahasiswa difabel. “Staf Pusdis kami berasal dari mahasiswa yang kami yakini dapat mendampingi mahasiswa difabel dengan baik. Kami juga memiliki relawan Juru Bahasa Isyarat yang telah diakui secara resmi sebagai JBI. Pusdis kami arahkan sebagai ruang untuk mendorong mahasiswa difabel mampu melakukan self-advocacy kepada dosen, sehingga stigma bahwa mereka selalu harus dibantu dapat dihilangkan,” jelas Ishak. Pusdis Unhas berupaya menumbuhkan kemandirian dan rasa percaya diri mahasiswa difabel melalui penyusunan modul serta buku panduan pembelajaran inklusif yang melibatkan mahasiswa difabel secara langsung. Komisioner KND RI, Eka Prastama Widiyanta, menyampaikan bahwa kunjungan ini bertujuan untuk memperoleh informasi serta melihat secara langsung implementasi perguruan tinggi yang inklusif di Universitas Hasanuddin. “Kami ingin mendalami peran Pusat Disabilitas dalam mendukung proses pembelajaran. KND memberikan penguatan dan pemahaman, sekaligus mendorong inovasi teknologi pendukung, seperti fasilitas akses dan sarana pembelajaran, agar mahasiswa difabel dapat belajar secara mandiri dan dosen juga lebih terbantu,” ungkap Eka. Rektor Universitas Hasanuddin Prof. Dr. Ir. Jamaluddin Jompa, M.Sc., menegaskan bahwa pembangunan Pusat Disabilitas Unhas merupakan langkah strategis untuk meningkatkan pemahaman institusi terhadap dimensi disabilitas dalam berbagai aspek kehidupan kampus. “Kami membangun Pusdis agar universitas lebih memahami dimensi disabilitas dalam berbagai aspek, sekaligus menghadirkan layanan yang lebih profesional. Universitas harus menjadi contoh yang baik dalam proses pendidikan, pelayanan, dan pengembangan sumber daya manusia yang inklusif,” tegas Rektor. Rektor juga menyampaikan bahwa Pusdis Unhas telah memasuki tahun ketiga dan masih memerlukan dukungan berkelanjutan untuk pengembangan layanan dan fasilitas, khususnya di setiap fakultas, terutama pada bangunan bertingkat. Ke depan, Universitas Hasanuddin berharap adanya penguatan komunitas serta kolaborasi lintas fakultas, termasuk dengan Fakultas Teknik, dalam menciptakan teknologi pendukung yang memperkuat ekosistem kampus inklusif.",berita
Provinsi Sulawesi Tengah Perkuat Sinergi dengan Unhas untuk Beasiswa Berani Cerdas,https://www.unhas.ac.id/provinsi-sulawesi-tengah-perkuat-sinergi-dengan-unhas-untuk-beasiswa-berani-cerdas/?lang=id,"Pemerintah Provinsi Sulawesi Tengah (Pemprov Sulteng) memperkuat sinergi dengan Universitas Hasanuddin dalam rangka memastikan program beasiswa pemerintah daerah bagi mahasiswa asal Sulawesi Tengah berjalan tepat sasaran. Beasiswa bernama Berani Cerdas ini dibahas dalam pertemuan yang digelar di Universitas Hasanuddin, Selasa 3 Februari 2026 di Gedung Rektorat Unhas. Dalam pertemuan tersebut, Pemprov Sulawesi Tengah diwakili Kepala Dinas Pendidikan (Drs. Firmanza DP, S.H., M.Si). Sementara dari pihak Universitas Hasanuddin hadir Sekretaris Rektor (Dr. Sawedi Muhammad, S.Sos., M.Sc.), Direktur Kemahasiswaan Unhas (Abdullah Sanusi, Ph.D.), serta Dekan Fakultas Vokasi Unhas (Prof. Dr. Ir. Muh. Restu, M.P). Direktur Kemahasiswaan Unhas Abdullah Sanusi, Ph.D., menyampaikan bahwa jumlah mahasiswa asal Sulawesi Tengah yang menempuh pendidikan di Universitas Hasanuddin terus mengalami peningkatan setiap tahunnya. Beberapa diantara mereka merupakan penerima beasiswa yang disediakan oleh Unhas atau mitra Unhas. “Unhas menyambut baik penguatan sinergi ini dan berharap ke depan dapat terwujud berbagai bentuk kerja sama lainnya yang saling menguatkan,” ujar Abdullah. Ia menambahkan bahwa Universitas Hasanuddin memiliki sejumlah program unggulan dalam mendukung peningkatan kualitas sumber daya manusia, salah satunya program fast track yang memungkinkan mahasiswa menyelesaikan pendidikan hingga jenjang magister dalam waktu lima tahun. Selain itu, Unhas juga telah menjalin kerja sama rekrutmen dengan PT Indonesia Morowali Industrial Park (IMIP) yang berlokasi di Sulawesi Tengah sebagai bagian dari upaya menyiapkan lulusan yang siap memasuki dunia kerja. Kepala Dinas Pendidikan Provinsi Sulawesi Tengah, Firmanza, menjelaskan bahwa saat ini terdapat 288 mahasiswa asal Sulawesi Tengah penerima beasiswa yang menempuh pendidikan di Universitas Hasanuddin. Namun demikian, pihaknya masih menghadapi tantangan dalam aspek akuntabilitas penerima beasiswa. “Kami diutus Gubernur untuk menyelesaikan kendala tersebut, sehingga kerja sama dengan perguruan tinggi menjadi sangat penting untuk memastikan program beasiswa berjalan tepat sasaran dan terkelola dengan baik,” ungkap Firmanza. Ia menjelaskan bahwa program beasiswa Pemerintah Provinsi Sulawesi Tengah bertajuk Berani Cerdas mengalokasikan anggaran sebesar Rp90 miliar untuk lebih dari 23 ribu mahasiswa asal Sulawesi Tengah yang tersebar di sekitar 400 perguruan tinggi di seluruh Indonesia. Melalui penguatan sinergi ini, Pemprov Sulawesi Tengah dan Universitas Hasanuddin berharap pengelolaan beasiswa daerah dapat semakin akuntabel, transparan, dan memberikan dampak nyata bagi peningkatan kualitas sumber daya manusia Sulawesi Tengah.",berita
"Kick Off Zona Integritas 2026, Rektor Unhas: Kita Bangun Budaya Pelayanan Prima Bebas dari Korupsi",https://www.unhas.ac.id/kick-off-zona-integritas-2026-rektor-unhas-kita-bangun-budaya-pelayanan-prima-bebas-dari-korupsi/?lang=id,"Rektor Universitas Hasanuddin Prof. Dr. Ir. Jamaluddin Jompa, M.Sc., menegaskan pentingnya penguatan sumber daya manusia dan peningkatan kualitas layanan publik sebagai kunci keberhasilan pelaksanaan Zona Integritas Tahun 2026. Hal tersebut disampaikannya dalam kegiatan Kick Off Pelaksanaan Zona Integritas 2026 yang berlangsung di Ruang Rapat Senat Lantai 2, Gedung Rektorat Unhas, Kampus Tamalanrea, Senin (2/2). Kegiatan ini dipimpin oleh Sekretaris Universitas Unhas, Prof. Ir. Sumbangan Baja, M.Phil., Ph.D., dan dihadiri oleh seluruh unsur pimpinan unit kerja di lingkup Unhas, yaitu para dekan dan wakil dekan, kepala lembaga, diirektur, serta Tim Pelaksana Pembangunan Zona Integritas. Hadir pula Ketua Satuan Pengawas Internal (SPI) Unhas (Dr. Andi Kusumawati, SE., M.Si., Ak., CA), Tim Penilai Perguruan Tinggi Negeri (TP-PTN) Zona Integritas Unhas, serta tim pendukung lainnya. Prof. Sumbangan Baja menyampaikan bahwa Unhas merupakan salah satu perguruan tinggi dengan tingkat partisipasi fakultas yang tinggi dalam pelaksanaan Zona Integritas. Unit kerja di Unhas telah memenuhi bahkan melampaui capaian indikator yang ditetapkan oleh kementerian, yakni minimal 50 persen unit kerja. “Dari sisi jumlah unit kerja, Unhas sudah melampaui indikator yang ditetapkan kementerian. Selanjutnya, kami berharap seluruh unit kerja dapat segera menyelesaikan pengisian dan pemenuhan dokumen Zona Integritas secara tepat dan sesuai ketentuan,” ujar Prof. Sumbangan Baja. Sementara itu, Rektor Unhas Prof. JJ dalam arahannya menekankan pentingnya peran sumber daya manusia dalam membangun budaya integritas. Para pimpinan unit harus memberi perhatian dalam membentuk budaya baru dalam pelayanan publik, yaitu pelayanan prima, berkualitas, dan bebas dari praktik-praktik korupsi, kolusi, dan nepotisme. “Para pimpinan harus mengupayakan penguatan SDM secara berkelanjutan. SDM yang kuat akan menentukan kualitas tata kelola dan keberhasilan Zona Integritas. Kita harus memastikan bahwa setiap perencanaan dan program yang kita susun benar-benar terimplementasi dengan baik dan berdampak pada peningkatan kualitas layanan publik,” kara Prof. JJ. Pada kesempatan ini, TP-PTN Zona integritas Unhas, Ishaq Rahman, S.IP, M.Si, memaparkan progres dan perkembangan pembangunan Zona Integritas Unhas tahun 2025, dan menguraikan strategi yang dipersiapkkan Unhas pada tahun 2026. “Tahun 2025 lalu, Kementerian Dikti Saintek mengusulkan lima fakultas dari seluruh PTN di Indonesia untuk memperoleh predikat Wilayah Bebas dari Korupsi atau WBK. Tiga diantaranya berasal dari Unhas, yaitu: Fakultas Kedokteran, Fakultas Kesehatan Masyarakat, dan Fakultas Kehutanan. Capaian ini membuat kita optimis, tahun 2026 nanti kita akan dapat mencapai predikat WBK,” kata Ishaq. Saat ini, Unhas secara intensif melakukan pembenahan dan perbaikan tata kelola dan layanan pada 20 unit kerja, yang terdiri dari 18 fakultas, dan dua rumah sakit.",berita
"Bulan K3, Unhas Dorong Penguatan Budaya Keselamatan Kerja di Lingkungan Kampus",https://www.unhas.ac.id/bulan-k3-unhas-dorong-penguatan-budaya-keselamatan-kerja-di-lingkungan-kampus/?lang=id,"Universitas Hasanuddin menegaskan komitmennya dalam membangun lingkungan kerja yang aman dan sehat melalui pelaksanaan rangkaian kegiatan Bulan Keselamatan dan Kesehatan Kerja (K3), yang diselenggarakan oleh Subdirektorat Sistem Jaminan K3 dan Kesejahteraan Direktorat Sumber Daya Manusia (SDM). Kegiatan ini dilaksanakan pada Sabtu (31/01) dan diikuti oleh tenaga kependidikan, khususnya satuan pengamanan (Satpam) Unhas. Rangkaian kegiatan Bulan K3 hari ini diawali dengan Pengecekan Kebugaran Tenaga Pendidik Unhas (Satpam). Kegiatan ini merupakan hasil kolaborasi dengan Kementerian Kesehatan khususnya Bidang Kesehatan Masyarakat melalui Seksi Kesehatan Lingkungan, Kesehatan Kerja, dan Olahraga. Setelah pemeriksaan kebugaran, Satpam dibekali Pelatihan Pemadam Kebakaran (Damkar) dan Pertolongan Pertama pada Kecelakaan (P3K). “Kegiatan ini dirancang untuk meningkatkan kompetensi teknis dan kesiapsiagaan personel keamanan dalam menghadapi kondisi darurat di lingkungan kampus,” ungkap Kepala Subdirektorat Sistem Jaminan K3 dan Kesejahteraan, Prof. Dr. Lalu Muhammad Saleh, SKM., M.Kes. Rangkaian kegiatan hari ini akan ditutup dengan lomba cerdas cermat K3 sebagai sarana penguatan pemahaman dan internalisasi prinsip-prinsip keselamatan kerja secara edukatif dan partisipatif. Prof. Lalu mengungkapkan hadirnya serangkaian kegiatan ini menjadi simbol penguatan peran agen perubahan dalam membangun kesadaran dan budaya K3 yang berkelanjutan di masing-masing unit kerja. “Pelaksanaan Bulan K3 menjadi langkah strategis dalam meningkatkan kesadaran keselamatan dan kesehatan kerja di kalangan yang diharapkan menjadi budaya yang terus diterapkan,” harapnya. Peningkatan kompetensi sumber daya manusia, khususnya petugas keamanan, menjadi kunci dalam penerapan K3 yang efektif dan berkelanjutan. “Melalui pelatihan P3K dan pemadam kebakaran, kami mendorong peningkatan kapasitas satpam Unhas agar mampu menangani potensi bahaya dan risiko kerja secara tepat dan cepat. Hal ini sekaligus mendukung penguatan budaya K3 di lingkungan Universitas Hasanuddin,” ujar Prof. Lalu.",berita
"LSP Unhas Gelar FGD Rapat Kerja 2026, Perkuat Arah Program dan Tata Kelola Sertifikasi",https://www.unhas.ac.id/lsp-unhas-gelar-fgd-rapat-kerja-2026-perkuat-arah-program-dan-tata-kelola-sertifikasi/?lang=id,"Lembaga Sertifikasi Profesi (LSP) Universitas Hasanuddin menyelenggarakan Focus Group Discussion (FGD) Rapat Kerja tahun 2026. Pertemuan yang berlangsung selama tiga hari, Jum’at – Minggu, 30 Januari s.d. 1 Februari 2026 di Hotel Aston Makassar ini diikuti oleh Pengurus LSP Unhas. Dalam pertemuan pembahasan program kerja ini, jajaran pengurus LSP Unhas membahas berbagai topik strategis terkait arah kebijakan dan penguatan tata kelola kelembagaan tahun 2026. Sebagai salah satu Lembaga Sertifikasi Profesi yang bernaung di bawah universitas (LSP P1), LSP Unhas kini memiliki 65 skema sertifikasi yang telah diakui oleh Badan Nasional Sertifikasi Profesi (BNSP). LSP Unhas juga memiliki 147 asesor, dimana jumlah ini akan terus bertambah seiring dengan bertambahnya ruang lingkup. Ketua LSP Unhas, Mukti Ali, Ph.D, menjelaskan bahwa pelaksanaan FGD pembahasan program kerja ini merupakan upaya untuk semakin mengoptimalkan rencana LSP pada tahun 2026, menetapkan lini masa dan mempertegas pembagian tugas masing-masing manajer. “Kami ingin kegiatan LSP Unhas berlangsung terukur, terencana, dan selaras dengan kebijakan Universitas Hasanuddin. Saat ini Unhas telah memiliki Rencana Strategis yang perlu diterjemahkan dalam berbagai kegiatan unit kerja, termasuk oleh LSP Unhas,” kata Mukti Ali. Sebagai lembaga sertifikasi yang berada di bawah institusi pendidikan, LSP Unhas menempatkan mahasiswa sebagai sasaran utama proses sertifikasi dalam berbagai skema. Dengan kata lain, sertifikasi kompetensi yang digellar oleh LSP Unhas dirancang untuk selaras dengan kurikulum dan proses pembelajaran mahasiswa. “Kami ingin menghasilkan mahasiswa yang memiliki kompetensi dan berdaya saing, didukung oleh skema uji kompetensi yang berkualitas dan relevan dengan kebutuhan lapangan pekerjaan,” kata Mukti Ali.",berita
"Menteri Diktisaintek Hadiri Nobel Laureate Lecture di Unhas, Rektor: Momen Sangat Langka",https://www.unhas.ac.id/menteri-diktisaintek-hadiri-nobel-laureate-lecture-di-unhas-rektor-momen-sangat-langka/?lang=id,"Menteri Pendidikan Tinggi, Sains, dan Teknologi (Dikti Saintek) Republik Indonesia, Prof. Brian Yuliarto menghadiri kegiatan “Nobel Laureate Lecture at Hasanuddin University” yang diselenggarakan oleh Universitas Hasanuddin kerja sama The International Peace Foundation (IPF). Kegiatan ini turut di dukung oleh Kementerian Dikti Saintek melalui Direktorat Bina Talenta Sains dan Teknologi. Kegiatan bergengsi ini menghadirkan Prof. Morten P. Meldal, peraih Nobel Prize in Chemistry 2022 sekaligus Head of the Center for Evolutionary Biology, University of Copenhagen, Denmark, sebagai pembicara utama. Kegiatan berlangsung mulai pukul 09.30 Wita, di Baruga A.P Pettarani, Kampus Unhas Tamalanrea, Makassar, Kamis (29/01). Kuliah umum ini dihadiri oleh hampir 2.000 peserta, yang berasal dari berbagai institusi pendidikan tinggi dan menengah, dari seluruh Indonesia. Prof Brian mengatakan kehadiran ilmuwan kelas dunia di lingkungan perguruan tinggi Indonesia merupakan momentum strategis untuk memperkuat ekosistem riset global. Publik lecture tidak hanya menjadi forum berbagi pengetahuan, tetapi juga sarana membangun jejaring kolaborasi riset internasional yang berkelanjutan. Kuliah umum oleh peraih Nobel, kata Prof. Brian, memiliki peran penting dalam mengubah cara berpikir sivitas akademika, khususnya peneliti dan mahasiswa. Paparan langsung dari ilmuwan yang terlibat dalam riset berdampak global diharapkan mampu mendorong keberanian untuk berpikir lintas disiplin, kritis, dan inovatif dalam menjawab tantangan ilmiah. “Kolaborasi riset internasional menjadi kunci dalam meningkatkan kualitas dan daya saing para peneliti. Melalui kegiatan ini, peneliti Indonesia didorong untuk aktif menjajaki peluang joint research dan kolaborasi publikasi ilmiah dengan pusat-pusat riset unggulan dunia,” jelas Prof Brian. Indonesia memiliki potensi riset yang sangat besar di berbagai bidang strategis. Isu-isu global seperti lingkungan, energi berkelanjutan, dan perubahan iklim menjadi bidang penelitian yang relevan untuk dikembangkan melalui kolaborasi internasional berbasis keunggulan lokal. Dalam konteks pengembangan sumber daya manusia, kegiatan ini dinilai penting untuk menginspirasi generasi muda peneliti Indonesia. Interaksi langsung dengan peraih Nobel diharapkan dapat menumbuhkan semangat keilmuan, integritas akademik, serta orientasi riset jangka panjang yang berdampak. Menutup sambutannya, Prof Brian berharap kegiatan ini dapat menjadi awal dari kolaborasi riset konkret dan berkelanjutan. Ia menegaskan bahwa sinergi antara ilmuwan dunia dan peneliti Indonesia merupakan investasi penting bagi masa depan sains, teknologi, dan pembangunan berkelanjutan nasional. Pada kesempatan yang sama, Rektor Unhas, Prof. Dr. Ir. Jamaluddin Jompa, M.Sc., menjelaskan bahwa upaya menghadirkan ilmuwan kelas dunia merupakan bagian dari langkah Unhas meningkatkan reputasi internasional. Momentum seperti ini memberi ruang bagi kerja sama riset berdampak bagi sivitas akademika Unhas dan Indonesia. “Kegiatan ini dihadiri oleh ribuan peserta, termasuk akademisi dari Unhas dan berbagai perguruan tinggi di Indonesia. Kami berharap, kuliah umum seperti ini akan menjadi agenda rutin kami pada masa mendatang,” kata Prof. JJ. Secara khusus, Prof. JJ menyampaikan apresiasi atas dukungan nyata dari Menteri Dikti Saintek terhadap pelaksanaan kuliah umum. “Saya tahu, Pak Menteri sangat sibuk, namun bersedia menghadiri kegiatan ini. Menunjukkan bahwa kehadiran kuliah umum kelas dunia seperti ini mempunyai manfaat dan dampak yang penting bagi dunia pendidikan tinggi di tanah air,” tutup Prof. JJ.",berita
Peraih Nobel 2022 Prof. Morten P. Meldal Bahas Peran Kimia untuk Dunia Berkelanjutan di Unhas,https://www.unhas.ac.id/peraih-nobel-2022-prof-morten-p-meldal-bahas-peran-kimia-untuk-dunia-berkelanjutan-di-unhas/?lang=id,"Peraih Nobel Prize in Chemistry 2022, Prof. Morten P. Meldal, hadir di Universitas Hasanuddin untuk memberikan kuliah umum. Prof. Meldal yang juga merupakan Head of the Center for Evolutionary Biology, University of Copenhagen, Denmark, tampil sebagai pembicara utama dalam kegiatan “Nobel Laureate Lecture at Hasanuddin University”. Kuliah umum yang berlangsung pada Kamis, 29 Januari 2026, ini dihadir oleh hampir dua ribu peserta. Para peserta berasal dari berbagai perguruan tinggi di Indonesia, sivitas akademika Unhas, siswa-siswa sekolah menengah atas, serta masyarakat umum. Bertindak sebagai moderator adalah Dr. Hasnawati Saleh, yang juga merupakan Koordinator Riset Australia – Indonesia Center /Direktur Indonesia Program Riset Kemitraan Indonesia-Australia (PAIR). Kegiatan ini diselenggarakan oleh Universitas Hasanuddin bekerja sama dengan The International Peace Foundation (IPF). Kuliah umum ini juga didukung oleh Direktorat Bina Talenta Sains dan Teknologi, Kementerian Pendidikan Tinggi, Sains, dan Teknologi Republik Indonesia. Dalam kuliahnya, Prof. Morten membahas tema “Chemistry for a Sustainable World: Everything Is Chemistry and How That Influences Our Choices.” Prof. Meldal menekankan bahwa hampir seluruh aspek kehidupan tidak terlepas dari kimia, dan pemahaman terhadap kimia memiliki peran penting dalam membentuk pilihan-pilihan manusia menuju dunia yang lebih berkelanjutan. Prof. Meldal juga mengajak peserta untuk melihat sains sebagai sumber insight dan inovasi, serta menyampaikan pesan bahwa apa yang kita tulis dan teliti mencerminkan cara kita memandang dunia, bukan sekadar kumpulan teori. Menurutnya, apa yang ditulis dan diteliti oleh seorang ilmuwan mencerminkan cara pandang serta nilai-nilai yang dianut dalam melihat dunia dan permasalahan di sekitarnya. Prof. Meldal juga menekankan pentingnya kebebasan berpikir dan bertindak dalam penelitian. Ia menyampaikan bahwa riset lahir dari pikiran yang bebas, tindakan yang merdeka, serta didorong oleh rasa suka dan keingintahuan yang tinggi. “Dari rasa ingin tahu inilah pengetahuan baru berkembang, membuka ruang inovasi, dan pada akhirnya memberi kontribusi nyata bagi kemajuan ilmu pengetahuan dan kesejahteraan masyarakat,” kata Prof. Meldal. Kegiatan ini berlangsung dengan antusias, ditandai dengan sesi tanya jawab yang interaktif antara Prof. Morten P. Meldal dan para peserta yang aktif mengajukan pertanyaan.",berita
"22 Lulusan Terbaik Unhas Raih Penghargaan, Dominasi Predikat Cum Laude",https://www.unhas.ac.id/22-lulusan-terbaik-unhas-raih-penghargaan-dominasi-predikat-cum-laude/?lang=id,"Universitas Hasanuddin menggelar prosesi Wisuda Periode Februari Tahun Akademik 2025/2026 selama dua hari, Selasa–Rabu (3–4 Februari), bertempat di Baruga A.P. Pettarani, Kampus Tamalanrea. Pada momentum akademik ini, sebanyak 1.365 wisudawan dari berbagai jenjang pendidikan secara resmi dikukuhkan sebagai lulusan Universitas Hasanuddin. Pelaksanaan wisuda dibagi ke dalam dua sesi. Sesi pertama diikuti oleh 679 wisudawan, sementara sesi kedua dihadiri oleh 686 wisudawan. Dalam prosesi tersebut, sejumlah wisudawan berhasil mencatatkan prestasi membanggakan sebagai lulusan terbaik, sebagaimana ditetapkan melalui Surat Keputusan Rektor. Nama-nama wisudawan terbaik tersebut dibacakan oleh Direktur Pendidikan Universitas Hasanuddin, Prof. Dr. Risma Illa Maulany, S.Hut., M.NatRest. Adapun nama-nama lulusan terbaik tersebut adalah sebagai berikut: PROGRAM DOKTOR PROGRAM MAGISTER PROGRAM SARJANA FAKULTAS EKSAKTA PROGRAM SARJANA FAKULTAS NON EKSAKTA PROGRAM SUB SPESIALIS PROGRAM SPESIALIS PROGRAM PROFESI PROGRAM SARJANA (TERBAIK SETIAP FAKULTAS) Universitas Hasanuddin memberikan penghargaan berupa piagam kepada lulusan terbaik tingkat universitas dan fakultas dari berbagai jenjang pendidikan. Khusus wisudawan terbaik Program Sarjana bidang Eksakta dan Non-Eksakta, diberikan penghargaan tambahan berupa tabungan pendidikan.",berita
Rektor Unhas Tekankan Penguatan Budaya Ilmiah Global,https://www.unhas.ac.id/rektor-unhas-tekankan-penguatan-budaya-ilmiah-global/?lang=id,"Rektor Unhas, Prof. Dr. Ir. Jamaluddin Jompa, M.Sc, memaparkan perkembangan dan capaian strategis pada momen Wisuda Periode Februari 2026, Tahun Akademik 2025/2026. Wisuda berlangsung pada Selasa dan Rabu (3 dan 4 Februari 2026), di Baruga A.P. Pettarani, Kampus Unhas, Tamalanrea. Unhas semakin menegaskan jati diri institusi sebagai perguruan tinggi bereputasi, baik di tingkat nasional maupun global. Berbagai prestasi Unhas merupakan gambaran komitmen institusi dalam membangun ekosistem akademik yang unggul, berdaya saing, dan berdampak. “Capaian Unhas tidak lahir dari kerja individu, melainkan dari sinergi seluruh elemen sivitas akademika. Kolaborasi antara dosen, tenaga kependidikan, mahasiswa, alumni, dan mitra strategis telah membentuk budaya kerja yang solid, adaptif, dan berorientasi pada kemajuan bersama,” kata Prof JJ dalam sambutannya. Unhas menekankan pentingnya penguatan budaya ilmiah yang terbuka, inklusif, dan berorientasi global sebagai pondasi peningkatan kualitas akademik dan riset. Upaya tersebut menjadi bagian dari strategi meningkatkan reputasi internasional serta menyiapkan sivitas akademika yang adaptif, kolaboratif, dan mampu berkontribusi pada pengembangan ilmu pengetahuan di tingkat global. Salah satu inisiatif strategis yang terus dikembangkan adalah Thematic Research Group (TRG), yang terbukti mampu meningkatkan eksposur akademisi Unhas di tingkat nasional dan internasional, sekaligus membuka peluang kolaborasi dengan berbagai perguruan tinggi dan lembaga riset lintas negara. Salah satu wujud nyata dari komitmen tersebut dengan menyelenggarakan Nobel Laureate Lecture, menghadirkan ilmuwan peraih Nobel sebagai bagian dari langkah strategis internasionalisasi perguruan tinggi. Momentum ini membuka ruang dialog ilmiah, memperluas jejaring dan kolaborasi riset yang berdampak bagi sivitas akademika Unhas dan Indonesia. Keunggulan Unhas semakin diperkuat melalui kolaborasi internasional yang luas. Hingga saat ini, Unhas telah menjalin kemitraan strategis dengan 909 institusi internasional yang tersebar di 45 negara. Kemitraan tersebut membuka peluang bagi mahasiswa dan dosen untuk terlibat dalam riset bersama, pertukaran akademik, serta berbagai program inovatif yang mendukung daya saing global. “Manfaatkan jaringan internasional ini sebaik-baiknya. Kolaborasi yang telah terbangun bukan hanya milik universitas, tetapi juga menjadi akses bagi para alumni untuk terus berkembang, baik di dunia akademik, industri, maupun kewirausahaan,” kata Prof. JJ. Menutup sambutannya, Prof JJ berpesan bahwa wisuda bukanlah akhir dari perjalanan akademik, melainkan awal dari tanggung jawab baru untuk mengaktualisasikan ilmu pengetahuan dan keahlian dalam pengabdian kepada masyarakat, bangsa, dan negara.",berita
Provinsi Sulawesi Tengah Perkuat Sinergi dengan Unhas untuk Beasiswa Berani Cerdas,https://www.unhas.ac.id/provinsi-sulawesi-tengah-perkuat-sinergi-dengan-unhas-untuk-beasiswa-berani-cerdas/?lang=id,"Pemerintah Provinsi Sulawesi Tengah (Pemprov Sulteng) memperkuat sinergi dengan Universitas Hasanuddin dalam rangka memastikan program beasiswa pemerintah daerah bagi mahasiswa asal Sulawesi Tengah berjalan tepat sasaran. Beasiswa bernama Berani Cerdas ini dibahas dalam pertemuan yang digelar di Universitas Hasanuddin, Selasa 3 Februari 2026 di Gedung Rektorat Unhas. Dalam pertemuan tersebut, Pemprov Sulawesi Tengah diwakili Kepala Dinas Pendidikan (Drs. Firmanza DP, S.H., M.Si). Sementara dari pihak Universitas Hasanuddin hadir Sekretaris Rektor (Dr. Sawedi Muhammad, S.Sos., M.Sc.), Direktur Kemahasiswaan Unhas (Abdullah Sanusi, Ph.D.), serta Dekan Fakultas Vokasi Unhas (Prof. Dr. Ir. Muh. Restu, M.P). Direktur Kemahasiswaan Unhas Abdullah Sanusi, Ph.D., menyampaikan bahwa jumlah mahasiswa asal Sulawesi Tengah yang menempuh pendidikan di Universitas Hasanuddin terus mengalami peningkatan setiap tahunnya. Beberapa diantara mereka merupakan penerima beasiswa yang disediakan oleh Unhas atau mitra Unhas. “Unhas menyambut baik penguatan sinergi ini dan berharap ke depan dapat terwujud berbagai bentuk kerja sama lainnya yang saling menguatkan,” ujar Abdullah. Ia menambahkan bahwa Universitas Hasanuddin memiliki sejumlah program unggulan dalam mendukung peningkatan kualitas sumber daya manusia, salah satunya program fast track yang memungkinkan mahasiswa menyelesaikan pendidikan hingga jenjang magister dalam waktu lima tahun. Selain itu, Unhas juga telah menjalin kerja sama rekrutmen dengan PT Indonesia Morowali Industrial Park (IMIP) yang berlokasi di Sulawesi Tengah sebagai bagian dari upaya menyiapkan lulusan yang siap memasuki dunia kerja. Kepala Dinas Pendidikan Provinsi Sulawesi Tengah, Firmanza, menjelaskan bahwa saat ini terdapat 288 mahasiswa asal Sulawesi Tengah penerima beasiswa yang menempuh pendidikan di Universitas Hasanuddin. Namun demikian, pihaknya masih menghadapi tantangan dalam aspek akuntabilitas penerima beasiswa. “Kami diutus Gubernur untuk menyelesaikan kendala tersebut, sehingga kerja sama dengan perguruan tinggi menjadi sangat penting untuk memastikan program beasiswa berjalan tepat sasaran dan terkelola dengan baik,” ungkap Firmanza. Ia menjelaskan bahwa program beasiswa Pemerintah Provinsi Sulawesi Tengah bertajuk Berani Cerdas mengalokasikan anggaran sebesar Rp90 miliar untuk lebih dari 23 ribu mahasiswa asal Sulawesi Tengah yang tersebar di sekitar 400 perguruan tinggi di seluruh Indonesia. Melalui penguatan sinergi ini, Pemprov Sulawesi Tengah dan Universitas Hasanuddin berharap pengelolaan beasiswa daerah dapat semakin akuntabel, transparan, dan memberikan dampak nyata bagi peningkatan kualitas sumber daya manusia Sulawesi Tengah.",berita
UKM PAL Fakultas Kehutanan Unhas Salurkan Bantuan untuk Korban Banjir Sumatera,https://www.unhas.ac.id/ukm-pal-fakultas-kehutanan-unhas-salurkan-bantuan-untuk-korban-banjir-sumatera/?lang=id,"Unit Kegiatan Mahasiswa (UKM) Pandu Alam Lingkungan (PAL) Fakultas Kehutanan Universitas Hasanuddin menyalurkan bantuan berupa sembako untuk masyarakat yang terdampak banjir di wilayah Sumatera. Donasi ini merupakan wujud kepedulian UKM PAL terhadap korban banjir dan membantu mereka yang sedang kesulitan. Dana yang terkumpul merupakan hasil penggalangan dana yang berasal dari anggota dan alumni UKM PAL Fakultas Kehutanan Unhas. Dana tersebut dikirimkan untuk dibelanjakan oleh penyalur bantuan dengan beberapa barang yang akan dikirim untuk keperluan korban yang terdampak banjir di wilayah Sumatera. Melalui wawancara, Rabu (7/1/2026), Ketua UKM PAL, Andi Arya Euro Stanley menyampaikan bahwa ⁠proses penyaluran bantuan dilakukan dengan mengirimkan dana yang terkumpul kepada tim penyalur bantuan di Sumatera lalu dibelanjakan keperluan pokok dan diberikan kepada tiga lokasi terdampak banjir yaitu Desa Payah Rabo Lhok Kecamatan Sawang, Desa Gampong Geudumbhak Kecamatan Sawang dan Desa Gampoeng Biram Cut Kecamatan Tanah Jambo Aye. “Kami sangat berharap melalui bantuan ini bisa meringankan beban korban yang terdampak banjir di wilayah Sumatera, memberikan kekuatan dan menjadi penyemangat agar mereka tetap kuat ditengah ujian ini dan bangkit kembali,” jelas Arya. Arya juga menekankan pentingnya semangat gotong royong dan solidaritas dalam menghadapi bencana alam seperti bencana banjir yang melanda wilayah Aceh dan Sumatera. “Bencana ini mengingatkan kita akan pentingnya solidaritas, kepedulian dan rasa kebersamaan sebagai satu umat, satu bangsa Indonesia,” kata Arya. Arya mengatakan bahwa aksi kemanusiaan seperti ini terus dilakukan oleh UKM PAL sebagai komitmen lembaga kemahasiswaan untuk terus menjunjung tinggi rasa kepedulian terhadap sesama umat manusia. UKM PAL juga pernah memberikan bantuan untuk korban banjir yang terjadi di Luwu pada tahun 2024. Penyaluran mulai dilakukan pada tanggal 18 desember 2025 dan selesai pada tanggal 5 Januari 2026.",berita
"Inovasi Mahasiswa Unhas Diadopsi PLN, Solusi Energi Pulau Gili Ketapang Probolinggo",https://www.unhas.ac.id/inovasi-mahasiswa-unhas-diadopsi-pln-solusi-energi-pulau-gili-ketapang-probolinggo/?lang=id,"Inovasi karya mahasiswa Universitas Hasanuddin kembali menunjukkan kontribusi nyata bagi masyarakat. Solusi energi bersih berbasis teknologi yang dikembangkan oleh mahasiswa Unhas melalui Tim Magna Energy kini diadopsi oleh PT PLN (Persero) sebagai solusi penyediaan energi bagi masyarakat Pulau Gili Ketapang, Kabupaten Probolinggo, Jawa Timur. Adopsi inovasi tersebut ditandai dengan peresmian implementasi sistem oleh PLN Pusat Penelitian dan Pengembangan (Puslitbang) bersama PLN UID Jawa Timur, PLN Nusantara Power (PLN NP), serta pengelola PLTD Gili Ketapang, bekerja sama dengan Kedutaan Besar Kerajaan Belanda di Indonesia dan Energy Academy Indonesia (ECADIN), Senin 22 Desember 2025. Kegiatan ini menjadi bukti kolaborasi lintas sektor dalam mendorong pemanfaatan inovasi anak bangsa untuk menjawab tantangan energi di wilayah kepulauan. Direktur Kemahasiswaan Universitas Hasanuddin, Abdullah Sanusi, Ph.D., turut hadir langsung dalam peresmian tersebut. Kehadiran ini menegaskan dukungan institusi terhadap hilirisasi inovasi mahasiswa agar dapat diimplementasikan dan memberi manfaat langsung bagi masyarakat. “Adopsi inovasi mahasiswa Unhas oleh PLN ini menunjukkan bahwa gagasan yang lahir dari kampus mampu menjawab kebutuhan riil di lapangan. Kami mendorong mahasiswa untuk terus menghadirkan inovasi yang solutif, aplikatif, dan berdampak sosial,” ujar Abdullah Sanusi. Kepercayaan PLN terhadap karya mahasiswa Unhas menjadi indikator kuat bahwa ekosistem pembinaan kreativitas dan inovasi mahasiswa di Unhas berjalan dengan baik. “Capaian ini diharapkan menjadi inspirasi bagi mahasiswa lain untuk berani melahirkan solusi bagi masyarakat,” tambah Abdullah. Inovasi yang dikembangkan oleh Tim Magna Energy berupa sistem pembangkit listrik tenaga surya terapung yang dipasang di atas keramba jaring apung milik nelayan. Sistem ini dirancang dengan konsep simbiosis. Panel surya tidak hanya menghasilkan listrik, tetapi juga memberikan keteduhan bagi ikan, sementara air laut membantu mendinginkan panel sehingga kinerjanya lebih optimal. Sistem tersebut dilengkapi dengan baterai dan kontrol cerdas sederhana untuk menjaga ketersediaan listrik secara stabil siang dan malam, serta terintegrasi dengan sistem penyimpanan hidrogen. Ketua Tim Magna Energy, Diego Agung Christovano Paranoan, menjelaskan bahwa inovasi ini berangkat dari keprihatinan terhadap tingginya ketergantungan masyarakat pulau kecil pada bahan bakar diesel yang mahal dan berdampak buruk terhadap ekosistem laut. Melalui solusi ini, tim berupaya menghadirkan sistem energi yang bersih, andal, dan terjangkau tanpa mengorbankan ruang laut yang menjadi sumber penghidupan masyarakat. Diego yang juga merupakan Mahasiswa Berprestasi Universitas Hasanuddin Tahun 2025 menilai inovasi ini relevan bagi masa depan energi Indonesia sebagai negara kepulauan. Model penyediaan energi berbasis komunitas ini dinilai dapat direplikasi di berbagai pulau lain di Indonesia. Sebelumnya, inovasi Tim Magna Energy berhasil mengantarkan tim ini meraih Juara Utama Youth Energy Hackathon 2025 yang digelar Ecadin bekerja sama dengan Kedutaan Besar Belanda di Jakarta pada November lalu. Pada ajang tersebut, tim memperoleh pendanaan program sebesar Rp250 juta yang dimanfaatkan untuk pengembangan dan implementasi inovasi hingga dapat diterapkan secara langsung di masyarakat. Tim Magna Energy beranggotakan Diego Agung Christovano Paranoan (Teknik Sipil 2022), Nabiyl Ahmad Fawzy M. (Teknik Elektro 2024) dan Arfansyah (Kimia 2022) dan Dianti Utamidewi, S.T., M.T. selaku dosen pembimbing. Adopsi inovasi mahasiswa Universitas Hasanuddin oleh PLN di Pulau Gili Ketapang diharapkan menjadi contoh sinergi antara perguruan tinggi, industri, dan mitra internasional dalam memperkuat ketahanan energi nasional sekaligus meningkatkan kesejahteraan masyarakat kepulauan.",berita
"Perkuat Daerah Pesisir, Unhas Lepas Mahasiswa KKN Tematik ke Wakatobi",https://www.unhas.ac.id/perkuat-daerah-pesisir-unhas-lepas-mahasiswa-kkn-tematik-ke-wakatobi/?lang=id,"Universitas Hasanuddin secara resmi melepas keberangkatan mahasiswa Kuliah Kerja Nyata (KKN) Tematik Wakatobi Maritim ke Kabupaten Wakatobi, Provinsi Sulawesi Tenggara, sebagai wujud komitmen dalam mengimplementasikan tridaharma Perguruan Tinggi, khususnya pengabdian kepada masyarakat. Pelepasan berlangsung pada Kamis (18/12) tersebut dilaksanakan di Pelabuhan Soekarno-Hatta, Makassar, dan dilepas langsung oleh Kepala Subdirektorat Pendidikan Berbasis Pengabdian kepada Masyarakat (PBPM) Unhas, Dr. Ir. Syarifuddin Mabe Parenreng, S.T., M.T., IPU., ASEAN Eng. Sebanyak 36 mahasiswa diterjunkan dalam program KKN Tematik Wakatobi Maritim, yang terdiri atas 12 mahasiswa laki-laki dan 24 mahasiswa perempuan. Seluruh peserta akan didampingi oleh Dosen Pendamping Kegiatan (DPK), Dr. Ir. Hj. Nurul Nadjmi, S.T., M.T., untuk memastikan tercapainya tujuan akademik dan pengabdian. Syarifuddin Mabe Parenreng menjelaskan, KKN Tematik Wakatobi Maritim merupakan tindak lanjut dari permintaan resmi Pemerintah Kabupaten Wakatobi kepada Unhas. Permintaan tersebut menjadi dasar penetapan lokasi pengabdian mahasiswa, sejalan dengan kebijakan Unhas yang menerapkan sistem penempatan KKN berbasis kebutuhan mitra. Pendekatan berbasis permintaan mitra ini memungkinkan program KKN disusun secara lebih terarah dan relevan dengan kondisi riil di lapangan. Dengan demikian, kegiatan pengabdian mahasiswa tidak hanya bersifat akademik, tetapi juga mampu memberikan kontribusi nyata terhadap pembangunan daerah. “Unhas menyambut baik permintaan dari Pemerintah Kabupaten Wakatobi sebagai bagian dari komitmen kampus dalam menghadirkan pengabdian yang berdampak luas. Unhas senantiasa terbuka terhadap permintaan pengabdian dari berbagai mitra dan institusi, baik di tingkat lokal, nasional, maupun internasional, selama bertujuan untuk kepentingan masyarakat dan pembangunan bangsa,” jelas Syarifuddin. Ia menambahkan bahwa melalui pendekatan berbasis kebutuhan mitra, program KKN dapat dilaksanakan secara lebih kontekstual dan tepat sasaran. Hal ini memungkinkan mahasiswa untuk terlibat langsung dalam penyelesaian persoalan masyarakat sesuai dengan potensi dan karakteristik wilayah pengabdian. Program KKN Tematik ini dilaksanakan di empat desa yang tersebar pada dua kecamatan. Kecamatan Wangi-Wangi meliputi Desa Wapia-pia dan Desa Waginopo, dan Kecamatan Wangi-Wangi Selatan mencakup Desa Liya Togo dan Desa Nelayan Bakti. Pelaksanaan KKN Tematik Wakatobi Maritim dijadwalkan berlangsung mulai 18 Desember 2025 hingga pertengahan Februari 2026. Selama periode tersebut, mahasiswa akan melaksanakan berbagai program berbasis kemaritiman, pemberdayaan masyarakat, dan penguatan potensi lokal. Kegiatan ini menjadi simbol pengabdian tanpa batas Unhas dalam mendukung pembangunan daerah dan peningkatan kesejahteraan masyarakat pesisir.",berita
Provinsi Sulawesi Tengah Perkuat Sinergi dengan Unhas untuk Beasiswa Berani Cerdas,https://www.unhas.ac.id/provinsi-sulawesi-tengah-perkuat-sinergi-dengan-unhas-untuk-beasiswa-berani-cerdas/?lang=id,"Pemerintah Provinsi Sulawesi Tengah (Pemprov Sulteng) memperkuat sinergi dengan Universitas Hasanuddin dalam rangka memastikan program beasiswa pemerintah daerah bagi mahasiswa asal Sulawesi Tengah berjalan tepat sasaran. Beasiswa bernama Berani Cerdas ini dibahas dalam pertemuan yang digelar di Universitas Hasanuddin, Selasa 3 Februari 2026 di Gedung Rektorat Unhas. Dalam pertemuan tersebut, Pemprov Sulawesi Tengah diwakili Kepala Dinas Pendidikan (Drs. Firmanza DP, S.H., M.Si). Sementara dari pihak Universitas Hasanuddin hadir Sekretaris Rektor (Dr. Sawedi Muhammad, S.Sos., M.Sc.), Direktur Kemahasiswaan Unhas (Abdullah Sanusi, Ph.D.), serta Dekan Fakultas Vokasi Unhas (Prof. Dr. Ir. Muh. Restu, M.P). Direktur Kemahasiswaan Unhas Abdullah Sanusi, Ph.D., menyampaikan bahwa jumlah mahasiswa asal Sulawesi Tengah yang menempuh pendidikan di Universitas Hasanuddin terus mengalami peningkatan setiap tahunnya. Beberapa diantara mereka merupakan penerima beasiswa yang disediakan oleh Unhas atau mitra Unhas. “Unhas menyambut baik penguatan sinergi ini dan berharap ke depan dapat terwujud berbagai bentuk kerja sama lainnya yang saling menguatkan,” ujar Abdullah. Ia menambahkan bahwa Universitas Hasanuddin memiliki sejumlah program unggulan dalam mendukung peningkatan kualitas sumber daya manusia, salah satunya program fast track yang memungkinkan mahasiswa menyelesaikan pendidikan hingga jenjang magister dalam waktu lima tahun. Selain itu, Unhas juga telah menjalin kerja sama rekrutmen dengan PT Indonesia Morowali Industrial Park (IMIP) yang berlokasi di Sulawesi Tengah sebagai bagian dari upaya menyiapkan lulusan yang siap memasuki dunia kerja. Kepala Dinas Pendidikan Provinsi Sulawesi Tengah, Firmanza, menjelaskan bahwa saat ini terdapat 288 mahasiswa asal Sulawesi Tengah penerima beasiswa yang menempuh pendidikan di Universitas Hasanuddin. Namun demikian, pihaknya masih menghadapi tantangan dalam aspek akuntabilitas penerima beasiswa. “Kami diutus Gubernur untuk menyelesaikan kendala tersebut, sehingga kerja sama dengan perguruan tinggi menjadi sangat penting untuk memastikan program beasiswa berjalan tepat sasaran dan terkelola dengan baik,” ungkap Firmanza. Ia menjelaskan bahwa program beasiswa Pemerintah Provinsi Sulawesi Tengah bertajuk Berani Cerdas mengalokasikan anggaran sebesar Rp90 miliar untuk lebih dari 23 ribu mahasiswa asal Sulawesi Tengah yang tersebar di sekitar 400 perguruan tinggi di seluruh Indonesia. Melalui penguatan sinergi ini, Pemprov Sulawesi Tengah dan Universitas Hasanuddin berharap pengelolaan beasiswa daerah dapat semakin akuntabel, transparan, dan memberikan dampak nyata bagi peningkatan kualitas sumber daya manusia Sulawesi Tengah.",berita
Unhas dan University of Arkansas Perkuat Kolaborasi Riset Unggas Internasional,https://www.unhas.ac.id/unhas-dan-university-of-arkansas-perkuat-kolaborasi-riset-unggas-internasional/?lang=id,"Rektor Universitas Hasanuddin, Prof. Dr. Ir. Jamaluddin Jompa, M.Sc., menerima kunjungan tim peneliti Poultry Breeding dari University of Arkansas, Amerika Serikat. Kunjungan yang dipimpin oleh Prof. Douglas D. Rhoads, Direktur Center of Excellence Poultry Breeding University of Arkansas, berlangsung di Ruang Rektor Lantai 8, Kampus Universitas Hasanuddin Tamalanrea, Makassar, Senin (26/01), pukul 11.30 Wita. Turut mendampingi dari Unhas Prof. Dr. Muhammad Ihsan Andi Dagong, S.Pt., M.Si dan tim peneliti fakultas peternakan. Adapun tim peneliti University of Arkansas, Dr. Adnan Ali Khalaf Alrubaye (peneliti senior sekaligus Sekretaris Center of Excellence Poultry Breeding). Prof JJ menyampaikan bahwa Unhas berkomitmen mendorong pengembangan riset unggulan yang berbasis pada potensi lokal serta diperkuat melalui kolaborasi global. Sinergi dengan institusi internasional menjadi langkah strategis dalam meningkatkan kualitas dan daya saing riset Unhas. Unhas telah menghasilkan berbagai produk riset unggulan di bidang peternakan, salah satunya Ayam ALOPE, yang merupakan hasil pengembangan riset unggas dan menjadi bukti nyata kapasitas riset sivitas akademika Unhas. “Kerja sama riset internasional seperti ini sangat penting untuk memperkuat kapasitas keilmuan dan inovasi, khususnya dalam bidang unggas. Kami berharap, kolaborasi ini akan semakin memperkaya pengembangan riset, teknologi, serta sumber daya manusia di bidang peternakan unggas,” jelas Prof JJ. Pertemuan Unhas dan University of Arkansas ini secara khusus dimaksudkan untuk penguatan kerja sama riset internasional di bidang peternakan unggas. Prof. Douglas D. Rhoads menyampaikan rangkaian kegiatan yang akan dilaksanakan bersama Fakultas Peternakan Unhas, yang mencakup aktivitas akademik serta pelaksanaan riset lapangan di sentra peternakan ayam broiler yang dikelola oleh Fakultas Peternakan Unhas. “Dalam beberapa hari ke depan, kami akan melakukan kunjungan ke sejumlah fasilitas pengembangan unggas yang dikelola oleh Fakultas Peternakan,” ujar Prof Douglas. Kolaborasi riset antara Fakultas Peternakan Unhas dan tim peneliti Poultry Breeding University of Arkansas dilaksanakan melalui skema kerja sama riset kolaboratif yang didanai oleh program Thematic Research Group (TRG) Poultry Breeding. Program TRG Poultry Breeding ini diketuai oleh Ketua Tim TRG Poultry Breeding Fakultas Peternakan Unhas, Dr. Wempie Pakiding, yang berperan dalam mengoordinasikan pelaksanaan riset kolaborasi serta penguatan ekosistem riset unggas di lingkungan Unhas. Tim peneliti University of Arkansas berada di Kampus Unhas pada tanggal 24 hingga 27 Januari, untuk melaksanakan rangkaian kegiatan akademik dan riset lapangan. Selama kunjungan tersebut, tim melakukan penelitian langsung di sentra peternakan ayam broiler. Riset lapangan difokuskan pada survei tingkat kejadian penyakit Lameness pada ayam broiler. Penyakit Lameness tersebut disebabkan oleh infeksi bakteri yang dikenal sebagai Lameness Bacterial Chondronecrosis with Osteomyelitis (BCO), yang berpotensi menimbulkan kerugian ekonomi signifikan pada usaha ayam pedaging. Penelitian ini diharapkan mampu menghasilkan data ilmiah yang komprehensif terkait prevalensi serta faktor risiko BCO pada sistem peternakan ayam broiler di Indonesia. Hasil riset ini diharapkan dapat menjadi dasar dalam pengembangan strategi pencegahan dan pengendalian penyakit unggas yang berbasis bukti ilmiah, sekaligus mendukung peningkatan produktivitas dan keberlanjutan usaha peternakan ayam pedaging. Kegiatan riset ini juga melibatkan dua peneliti muda tingkat postdoctoral dan doktoral, yaitu Dr. Andi Asnayanti dan Dr. Dang Trieu, sebagai bagian dari kolaborasi riset lintas negara dan lintas generasi peneliti. University of Arkansas dikenal sebagai salah satu institusi pendidikan tinggi dan pusat riset terkemuka di dunia dalam bidang poultry science, khususnya riset ayam pedaging. Ke depan, kerja sama ini direncanakan akan dikembangkan secara berkelanjutan. Adapun pengembangan kerja sama yang akan dilakukan kedepan seperti Penguatan riset kolaborasi internasional, pengembangan kapasitas sumber daya manusia, peluang studi lanjut serta pengembangan riset pada komoditas unggulan seperti padi dan ternak unggas.",berita
Unhas Perkuat Jejaring Alumni melalui Australia Alumni Gala Dinner,https://www.unhas.ac.id/unhas-perkuat-jejaring-alumni-melalui-australia-alumni-gala-dinner/?lang=id,"Rektor Universitas Hasanuddin, Prof. Dr. Ir. Jamaluddin Jompa, M.Sc., menghadiri kegiatan Australia Alumni Gala Dinner Makassar yang dirangkaikan dengan peringatan 10 tahun Konsulat Jenderal Australia di Makassar. Kegiatan ini berlangsung di Hotel The Rinra, Sabtu (24/12). Kegiatan tersebut menjadi momentum strategis dalam mempererat silaturahmi antara alumni Australia di Indonesia, khususnya di Sulawesi Selatan, sekaligus memperkuat hubungan kerja sama antara Australia dan Indonesia dalam berbagai bidang, termasuk pendidikan, riset, dan pengembangan jejaring profesional. Konsul Jenderal Australia di Makassar, Todd Dias, dalam sambutannya menyampaikan bahwa Australia Alumni Gala Dinner tidak hanya menjadi ajang perayaan, tetapi juga ruang kolaborasi yang mempertemukan alumni Australia dari berbagai latar belakang. Menurutnya, kegiatan ini turut menjadi wadah untuk memperkenalkan potensi kerja sama dan pengembangan bisnis yang diinisiasi oleh para alumni Australia. “Hubungan antara Australia dan masyarakat Makassar telah terjalin sejak lama dan dibangun atas dasar persahabatan yang kuat. Kedekatan historis tersebut menjadi fondasi penting dalam memperkuat hubungan bilateral, khususnya di kawasan Indonesia Timur,” ucap Todd. Rektor Universitas Hasanuddin, Prof. Dr. Ir. Jamaluddin Jompa, M.Sc., menyampaikan bahwa Universitas Hasanuddin memiliki komitmen kuat untuk terus menjadi rumah yang inklusif bagi mitra internasional, termasuk komunitas akademik dan alumni Australia. “Kerja sama antara Unhas dan berbagai institusi di Australia telah memberikan kontribusi signifikan dalam pengembangan sumber daya manusia, peningkatan kapasitas akademik, serta penguatan jejaring riset internasional,” ujar Prof JJ. Ketua Ikatan Alumni Australia (IKAMA) Sulawesi Selatan itu juga menyampaikan bahwa pengalaman menempuh pendidikan di Australia memberikan pengaruh besar dalam membentuk karakter, kompetensi, dan perjalanan karier para alumni. Menurutnya, pendidikan di Australia telah menjadi fondasi penting dalam perkembangan profesional alumni hingga saat ini. “Sepuluh tahun kehadiran Konsulat Jenderal Australia di Makassar ini menjadi refleksi atas peran aktif Konjen Australia dalam mendukung berbagai kebutuhan administratif serta mempererat hubungan antara alumni Australia dengan berbagai pemangku kepentingan di Sulawesi Selatan,” tutur Prof JJ. Melalui kegiatan ini, diharapkan hubungan kemitraan antara Indonesia dan Australia, khususnya dalam bidang pendidikan tinggi, dapat terus diperkuat dan dikembangkan secara berkelanjutan di masa mendatang.",berita
"Sosialisasi SNPMB di Toraja, Unhas Tegaskan Informasi Kelulusan Hanya Lewat Akun Portal Siswa",https://www.unhas.ac.id/sosialisasi-snpmb-di-toraja-unhas-tegaskan-informasi-kelulusan-hanya-lewat-akun-portal-siswa/?lang=id,"Sosialisasi SNPMB di Toraja, Unhas Tegaskan Informasi Kelulusan Hanya Lewat Akun Portal Siswa Direktorat Akademik dan Kemahasiswaan Universitas Hasanuddin menyelenggarakan kegiatan Sosialisasi dan Promosi Seleksi Nasional Penerimaan Mahasiswa Baru (SNPMB) di SMAN 1 Tana Toraja. Kegiatan ini menjadi wadah bagi siswa untuk memperoleh informasi valid mengenai jalur masuk perguruan tinggi negeri. Kegiatan berlangsung di Aula SMAN 1 Tana Toraja, mulai pukul 09.30 Wita, Kamis (22/01). Hadir sebagai narasumber Direktur Pendidikan Unhas, Prof. Dr. Risma Illa Maulany, S.Hut., M.NatRest., Kepala Subdirektorat Penerimaan Mahasiswa Baru, Nurul Ihcsani, S.Ikom., M.Ikom., dan Kepala Career Center Unhas, Burhan Kadir, S.S., M.A. Para narasumber menjelaskan mekanisme seleksi penerimaan mahasiswa baru, mulai dari jalur nasional, jalur mandiri, hingga berbagai skema beasiswa yang dapat diakses oleh calon mahasiswa. Kepala Subdirektorat Penerimaan Mahasiswa Baru Unhas, Nurul Ihcsani, S.Ikom., M.Ikom., menjelaskan Unhas juga menyediakan jalur khusus bagi calon mahasiswa disabilitas sebagai bentuk komitmen terhadap pendidikan inklusif. “Unhas membuka kesempatan yang setara melalui jalur disabilitas. Namun, akurasi data dan pemahaman informasi menjadi hal yang sangat penting dalam proses pendaftaran,” jelas Nurul Ichsani. Dirinya juga menyampaikan imbauan tegas terkait informasi kelulusan peserta. Dimana, informasi ini hanya bisa diketahui oleh masing-masing siswa pemilik akun. Sehingga, dirinya mengingatkan para siswa untuk tidak mudah percaya kepada oknum yang bisa memberikan atau menjanjikan kelulusan. “Seluruh informasi resmi, mulai dari kelulusan hingga besaran UKT, hanya dapat diakses melalui akun portal masing-masing siswa. Jangan percaya kepada pihak manapun yang mengaku dapat meluluskan,” tegasnya. Pada kesempatan yang sama, Prof. Risma mengingatkan siswa untuk mencermati pilihan kampus dan program studi. Ia menjelaskan bahwa Unhas memiliki beberapa kampus yang bekerja sama dengan pemerintah daerah untuk penyelenggaraan program studi tertentu, lengkap dengan fasilitas pendukung pembelajaran. Sementara itu, Kepala Career Center Unhas, Burhan Kadir, S.S., M.A., memaparkan jalur mandiri Unhas, khususnya Program Optimalisasi Seleksi Kemampuan (POSK), sebagai alternatif bagi siswa yang belum berhasil melalui jalur seleksi nasional. Sesi tanya jawab berlangsung aktif. Salah satu siswa menanyakan relevansi sertifikat pendukung dengan program studi yang akan dipilih dalam proses seleksi. Menanggapi hal tersebut, Prof. Risma menjelaskan, sertifikat tidak harus linier dengan program studi yang dituju, selama mencerminkan potensi dan prestasi siswa. Menutup kegiatan, Prof. Risma memberikan tips dalam memilih program studi. Ia menyarankan siswa untuk mempertimbangkan mata pelajaran yang disukai dan relevan dengan minat, mengingat Unhas mengusung pendekatan pendidikan multidisiplin dan adaptif terhadap kebutuhan masa depan. Seluruh rangkaian kegiatan berlangsung lancar hingga pukul 13.00 Wita, ditutup dengan sesi foto bersama. Dijadwalkan, tim Unhas akan melakukan sosialisasi ke SMAN 1 Rantepao, Toraja Utara.",berita
"Perluas Jejaring Industri, Career Center Unhas Kunjungi Eigerindo di Bandung",https://www.unhas.ac.id/perluas-jejaring-industri-career-center-unhas-kunjungi-eigerindo-di-bandung/?lang=id,"Career Center Universitas Hasanuddin melakukan kunjungan industri ke PT Eigerindo Multi Produk Industri di Bandung pada Senin 5 Januari 2026. Kunjungan ini dipimpin langsung oleh Kepala Career Center Unhas, Burhan Kadir, S.S., M.A., didampingi para staf Career Center Unhas. Kunjungan industri tersebut merupakan bagian dari upaya memperkuat sinergi antara dunia pendidikan tinggi dan dunia industri, khususnya dalam pengembangan karier mahasiswa dan alumni, pelaksanaan program magang, serta penjajakan berbagai potensi kolaborasi strategis lainnya ke depan. Tim Career Center Unhas disambut hangat oleh Head of Human Capital Business Partner Section PT Eigerindo Multi Produk Industri, Farhan Noer Widagdo, bersama tim. Dalam kunjungan tersebut, tim Unhas juga diajak berkeliling kantor untuk melihat langsung lingkungan kerja, budaya perusahaan, serta berbagai fasilitas pendukung yang dimiliki PT Eigerindo Multi Produk Industri. Farhan menyampaikan apresiasi atas kunjungan yang dilakukan oleh Unhas serta menegaskan komitmen Eigerindo dalam mendukung pengembangan talenta muda dari perguruan tinggi. “Sebelumnya, Eigerindo telah menjalin sejumlah kerja sama dengan Universitas Hasanuddin, seperti pelaksanaan campus hiring dan partisipasi pada Unhas Career Expo. Dari kegiatan campus hiring di Unhas, terdapat sebelas alumni Unhas yang kami terima bekerja di Eigerindo,” ujar Farhan. Farhan juga menyampaikan apresiasi atas kesediaan tim Career Center Unhas untuk berkunjung langsung ke Eigerindo. “Kami tentu terbuka untuk kolaborasi berikutnya dan sangat mengharapkan hadirnya talenta-talenta terbaik dari Universitas Hasanuddin di Eigerindo,” tambahnya. Sementara itu, Kepala Career Center Unhas, Burhan Kadir, S.S., M.A., menyampaikan bahwa kunjungan industri ini menjadi langkah strategis dalam memperkuat keterhubungan antara perguruan tinggi dan dunia kerja. “Career Center Unhas berkomitmen untuk terus memperluas jejaring kemitraan dengan industri sebagai upaya menyiapkan mahasiswa dan alumni yang siap bersaing di dunia kerja. Kolaborasi dengan Eigerindo menjadi contoh konkret sinergi yang saling menguntungkan,” ujarnya. Burhan juga berharap kerja sama yang telah terjalin dapat terus dikembangkan, tidak hanya melalui rekrutmen, tetapi juga dalam bentuk program magang, pengembangan kompetensi, dan peningkatan kesiapan karier mahasiswa Unhas. Melalui kunjungan industri ini, Career Center Unhas berharap hubungan kemitraan yang telah terjalin dapat semakin diperkuat, sekaligus membuka peluang yang lebih luas bagi mahasiswa dan alumni Unhas untuk mengembangkan karier di dunia industri.",berita
LPPM Unhas Finalisasi Kajian Percepatan Pertumbuhan Ekonomi Berkelanjutan Kabupaten Tambrauw,https://www.unhas.ac.id/lppm-unhas-finalisasi-kajian-percepatan-pertumbuhan-ekonomi-berkelanjutan-kabupaten-tambrauw/?lang=id,"Universitas Hasanuddin melalui Pusat Pengembangan Kebijakan Publik (P2KP) Lembaga Penelitian dan Pengabdian pada Masyarakat (LPPM) menggelar Seminar Akhir Grand Desain Percepatan Pertumbuhan Ekonomi Berkelanjutan Kabupaten Tambrauw, Provinsi Papua Barat Daya. Seminar berlangsung pada Jum’at (26/12/2025) di Hotel Vega, Kabupaten Sorong, dihadiri Tim Peneliti dari P2KP LPPM Unhas dan jajaran Kepala Organisasi Perangkat Daerah (OPD) Kabupaten Tambrauw. Kajian ini merupakan kerja sama antara Universitas Hasanuddin dan Pemerintah Kabupaten Tambrauw, melalui Badan Perencanaan Pembangunan Daerah, Penelitian dan Pengembangan (Bappeda Litbang). Seminar akhir merupakan tahapan finalisasi seluruh rangkaian kajian. Sebelumnya, Tim P2KP LPPM Unhas telah menggelar rangkaian pengumpulan data lapangan, wawancara, dan focus group discussion dengan para pemangku kepentingan. Kepala Bappeda Litbang Kabupaten Tambrauw, Mousche Woria, menjelaskan bahwa wilayah ini memiliki potensi yang sangat prospektif untuk dikembangkan dalam rangka meningkatkan perekonomian masyarakat. Di sisi lain, terdapat sejumlah tantangan yang perlu dikaji secara akademik, terutama dalam rangka menjaga karakter wilayah ini sebagai kabupaten konservatif. “Kita sudah bicara konsep pembangunan daerah ini sejak sepuluh tahun lalu. Tidak sedikit gagasan inovatif dihasilkan. Tapi kita masih lambat dalam implementasi. Maka dengan kajian bersama Unhas, kita berharap ada fase untuk memonitor implementasinya, kata Mousche. Kepala P2KP LPPM Unhas, Dr. Sultan Syakib, mengatakan bahwa hasil kajian ini merupakan proses yang melibatkan pendekatan perencanaan pembangunan berbasis masyarakat. Selain menelaah data ekonomi dan keunggulan daerah, kajian ini menempatkan visi Tambrauw sebagai Kabupaten Konservasi dalam setiap analisis. “Kami memetakan wilayah Tambrauw dalam enam pusat pengembangan, yaitu pertanian dan perkebunan, peternakan, industri perikanan terpadu, industri kepariwisataan, jasa lingkungan di wilayah konservasi, serta layanan publik dan jasa pemerintahan,” kata Dr. Sultan. Usai presentasi dilanjutkan dengan diskusi yang dipandu oleh Dr. Ilham Alimuddin. Beberapa pimpinan OPD Kabupaten Tambrauw yang hadir turut memberikan tanggapan dan penguatan terhadap hasil kajian. Kepala Dinas Pariwisata, Abraham Mayor, menyoroti potensi pariwisata Tambrauw yang belum terkelola optimal. “Kami memiliki obyek penyu belimbing, terbesar di dunia. Tapi belum dikenal. Perlu dijajaki kemungkinan untuk menempatkan pariwisata Tambrauw sebagai sub sistem dalam ekosistem pariwisata Raja Ampat yang sudah sangat populer,” kata Abraham. Sementara Kepala Dinas Pekerjaan Umum Kabupaten Tambrauw, mengharapkan ada integrasi dari Kajian Percepatan yang dilakukan bersama ini dengan Rencana Pembangunan Daerah lainnya. Kepala Bappeda Litbang Kabupaten Tambrauw, Mousche Woria, selanjutnya memberi beberapa catatan untuk percepatan pembangunan ekonomi Tambrauw. Untuk sektor pariwisata perlu dibuka ruang bagi wisata minat khusus. Sementara untuk sektor pendukung lainnya, perlu optimalisasi distribusi data dan informasi tentang Tambrauw melalui internet. “Sekarang orang-orang di seluruh dunia mencari apa saja melalui internet. Informasi mengenai Tambrauw sangat tertinggal, masih data lama. Kita perlu memikirkan juga hal ini,” tutup Mousche. Pada kesempatan ini, para peserta juga membahas beberapa kebutuhan perencanaan pembangunan daerah, seperti Kajian Risiko Bencana.",berita
Mau Kuliah di Unhas? Ayo. Hadiri Unhas Open Day 2026,https://www.unhas.ac.id/mau-kuliah-di-unhas-ayo-hadiri-unhas-open-day-2026/?lang=id,"Universitas Hasanuddin mengundang para siswa Sekolah Menengah Atas (SMA), khususnya yang saat ini duduk di kelas XII, untuk menghadiri Unhas Open Day (UOD) 2026. Kegiatan ini akan berlangsung selama 2 hari, yaitu Sabtu dan Minggu, 7 dan 8 Februari 2026, di GOR JK Arenatorium, mulai pukul 08.00 WITA. UOD 2026 merupakan ajang memperkenalkan kampus secara lebih dekat kepada calon mahasiswa dan masyarakat luas. Wakil Rektor Bidang Akademik dan Kemahasiswaan, Prof. drg. Muhammad Ruslin, M.Kes., Ph.D., Sp.BM(K), menjelaskan UOD 2026 merupakan bagian penting dari komitmen Unhas dalam menghadirkan layanan informasi pendidikan tinggi yang terbuka, akurat, dan mudah diakses oleh calon mahasiswa. “Kegiatan tahunan ini kami rancang sebagai ruang komunikasi langsung antara kampus dan calon mahasiswa. Melalui kegiatan ini, peserta dapat memperoleh informasi utuh mengenai sistem pendidikan, pilihan program studi, hingga berbagai peluang pengembangan diri dan beasiswa yang tersedia di Unhas,” ujar Prof Ruslin. UOD 2026 dirancang sebagai ruang interaksi dua arah. Calon mahasiswa tidak hanya menerima informasi, tetapi juga diberi kesempatan berdialog langsung dengan sivitas akademika Unhas, mulai dari dosen, pengelola fakultas, hingga mahasiswa. Dalam pelaksanaannya, UOD 2026 akan menghadirkan berbagai agenda, di antaranya pemaparan informasi fakultas dan program studi, layanan konsultasi akademik, sesi tanya jawab seputar jalur penerimaan mahasiswa baru, serta informasi beasiswa. Selain itu, pengalaman menjelajah kampus menjadi daya tarik tersendiri. Melalui agenda campus tour dan campus loop, peserta akan diajak melihat secara langsung berbagai fasilitas unggulan Unhas yang mendukung kegiatan akademik dan kemahasiswaan. Prof Ruslin menegaskan, Unhas Open Day juga mencerminkan komitmen kampus dalam membangun keterbukaan informasi dan pelayanan publik yang responsif, sejalan dengan upaya peningkatan mutu pendidikan tinggi. “Kami ingin memastikan setiap calon mahasiswa mendapatkan akses informasi yang setara dan transparan. UOD menjadi wujud komitmen Unhas dalam mendampingi generasi muda menyiapkan masa depan akademik dan profesional mereka,” tambahnya. Kegiatan ini terbuka untuk umum dan dapat diikuti secara gratis oleh calon mahasiswa baru. Hingga Rabu sore, jumlah pendaftar telah mencapai sekitar 5.000 peserta yang berasal dari berbagai daerah. Bagi calon peserta yang ingin mengikuti kegiatan ini, proses pendaftaran dapat dilakukan melalui tautan https://s.unhas.ac.id/RegistUOD2026.",berita
"22 Lulusan Terbaik Unhas Raih Penghargaan, Dominasi Predikat Cum Laude",https://www.unhas.ac.id/22-lulusan-terbaik-unhas-raih-penghargaan-dominasi-predikat-cum-laude/?lang=id,"Universitas Hasanuddin menggelar prosesi Wisuda Periode Februari Tahun Akademik 2025/2026 selama dua hari, Selasa–Rabu (3–4 Februari), bertempat di Baruga A.P. Pettarani, Kampus Tamalanrea. Pada momentum akademik ini, sebanyak 1.365 wisudawan dari berbagai jenjang pendidikan secara resmi dikukuhkan sebagai lulusan Universitas Hasanuddin. Pelaksanaan wisuda dibagi ke dalam dua sesi. Sesi pertama diikuti oleh 679 wisudawan, sementara sesi kedua dihadiri oleh 686 wisudawan. Dalam prosesi tersebut, sejumlah wisudawan berhasil mencatatkan prestasi membanggakan sebagai lulusan terbaik, sebagaimana ditetapkan melalui Surat Keputusan Rektor. Nama-nama wisudawan terbaik tersebut dibacakan oleh Direktur Pendidikan Universitas Hasanuddin, Prof. Dr. Risma Illa Maulany, S.Hut., M.NatRest. Adapun nama-nama lulusan terbaik tersebut adalah sebagai berikut: PROGRAM DOKTOR PROGRAM MAGISTER PROGRAM SARJANA FAKULTAS EKSAKTA PROGRAM SARJANA FAKULTAS NON EKSAKTA PROGRAM SUB SPESIALIS PROGRAM SPESIALIS PROGRAM PROFESI PROGRAM SARJANA (TERBAIK SETIAP FAKULTAS) Universitas Hasanuddin memberikan penghargaan berupa piagam kepada lulusan terbaik tingkat universitas dan fakultas dari berbagai jenjang pendidikan. Khusus wisudawan terbaik Program Sarjana bidang Eksakta dan Non-Eksakta, diberikan penghargaan tambahan berupa tabungan pendidikan.",berita
Rektor Unhas Tekankan Penguatan Budaya Ilmiah Global,https://www.unhas.ac.id/rektor-unhas-tekankan-penguatan-budaya-ilmiah-global/?lang=id,"Rektor Unhas, Prof. Dr. Ir. Jamaluddin Jompa, M.Sc, memaparkan perkembangan dan capaian strategis pada momen Wisuda Periode Februari 2026, Tahun Akademik 2025/2026. Wisuda berlangsung pada Selasa dan Rabu (3 dan 4 Februari 2026), di Baruga A.P. Pettarani, Kampus Unhas, Tamalanrea. Unhas semakin menegaskan jati diri institusi sebagai perguruan tinggi bereputasi, baik di tingkat nasional maupun global. Berbagai prestasi Unhas merupakan gambaran komitmen institusi dalam membangun ekosistem akademik yang unggul, berdaya saing, dan berdampak. “Capaian Unhas tidak lahir dari kerja individu, melainkan dari sinergi seluruh elemen sivitas akademika. Kolaborasi antara dosen, tenaga kependidikan, mahasiswa, alumni, dan mitra strategis telah membentuk budaya kerja yang solid, adaptif, dan berorientasi pada kemajuan bersama,” kata Prof JJ dalam sambutannya. Unhas menekankan pentingnya penguatan budaya ilmiah yang terbuka, inklusif, dan berorientasi global sebagai pondasi peningkatan kualitas akademik dan riset. Upaya tersebut menjadi bagian dari strategi meningkatkan reputasi internasional serta menyiapkan sivitas akademika yang adaptif, kolaboratif, dan mampu berkontribusi pada pengembangan ilmu pengetahuan di tingkat global. Salah satu inisiatif strategis yang terus dikembangkan adalah Thematic Research Group (TRG), yang terbukti mampu meningkatkan eksposur akademisi Unhas di tingkat nasional dan internasional, sekaligus membuka peluang kolaborasi dengan berbagai perguruan tinggi dan lembaga riset lintas negara. Salah satu wujud nyata dari komitmen tersebut dengan menyelenggarakan Nobel Laureate Lecture, menghadirkan ilmuwan peraih Nobel sebagai bagian dari langkah strategis internasionalisasi perguruan tinggi. Momentum ini membuka ruang dialog ilmiah, memperluas jejaring dan kolaborasi riset yang berdampak bagi sivitas akademika Unhas dan Indonesia. Keunggulan Unhas semakin diperkuat melalui kolaborasi internasional yang luas. Hingga saat ini, Unhas telah menjalin kemitraan strategis dengan 909 institusi internasional yang tersebar di 45 negara. Kemitraan tersebut membuka peluang bagi mahasiswa dan dosen untuk terlibat dalam riset bersama, pertukaran akademik, serta berbagai program inovatif yang mendukung daya saing global. “Manfaatkan jaringan internasional ini sebaik-baiknya. Kolaborasi yang telah terbangun bukan hanya milik universitas, tetapi juga menjadi akses bagi para alumni untuk terus berkembang, baik di dunia akademik, industri, maupun kewirausahaan,” kata Prof. JJ. Menutup sambutannya, Prof JJ berpesan bahwa wisuda bukanlah akhir dari perjalanan akademik, melainkan awal dari tanggung jawab baru untuk mengaktualisasikan ilmu pengetahuan dan keahlian dalam pengabdian kepada masyarakat, bangsa, dan negara.",berita
Sebanyak 1.365 Wisudawan Baru Pada Wisuda Unhas Periode Februari 2026,https://www.unhas.ac.id/sebanyak-1-365-wisudawan-baru-pada-wisuda-unhas-periode-februari-2026/?lang=id,"Universitas Hasanuddin kembali menyelenggarakan Prosesi Wisuda untuk Periode Februari Tahun Akademik 2025/2026. Sebanyak 1.365 wisudawan dari berbagai jenjang pendidikan secara resmi dikukuhkan sebagai lulusan, terdiri dari 505 (37,00%) laki-laki dan 860 (63,00%) Perempuan. Acara berlangsung dalam dua sesi, mulai Selasa (03/02) dan Rabu (04/02) di Baruga A.P Pettarani, Kampus Unhas Tamalanrea, Makassar. Wakil Rektor Bidang Akademik dan Kemahasiswaan, Prof. drg. Muhammad Ruslin, M.Kes., Ph.D., Sp.BM(K), menyampaikan laporan akademik wisudawan periode Februari, sekaligus berbagai upaya strategis dan capaian bidang akademik dan kemahasiswaan. Prof Ruslin menjelaskan, Unhas terus berkomitmen menjaga keseimbangan antara daya tampung penerimaan mahasiswa baru dengan kualitas lulusan. Dalam tiga tahun terakhir, Unhas menunjukkan trend positif. Unhas juga berkomitmen untuk meminimalisasi angka mahasiswa putus studi di seluruh jenjang pendidikan. Salah satu strategi yang diterapkan adalah monitoring dan evaluasi. “Monitoring evaluasi akademik dilakukan sistematis, bertujuan untuk identifikasi dini berbagai kendala akademik mahasiswa, sehingga dapat diberikan pendampingan yang tepat dan berkelanjutan,” jelas Prof Ruslin. Pendekatan tersebut tidak hanya berdampak pada peningkatan angka kelulusan tepat waktu, tetapi mendorong terciptanya ekosistem akademik yang adaptif dan berorientasi pada keberhasilan mahasiswa. Jumlah Wisudawan Berdasarkan Program Adapun Jumlah Wisudawan Perjenjang Pendidikan yakni : Rata-rata IPK dan Lama Studi: Rata-rata IPK dan Lama Studi Lulusan Terbaik Jumlah Wisudawan per Fakultas Seluruh rangkaian proses wisuda yang terbagi dalam dua sesi berlangsung lancar dan hikmat. Pada hari pertama, jumlah wisudawan yang mengikuti proses wisuda sebanyak 679. Untuk hari kedua, sebanyak 686 wisudawan",berita
"Unhas Gelar Penandatanganan Kontrak Kinerja 2026, Perkuat Komitmen Pencapaian Target Institusi",https://www.unhas.ac.id/unhas-gelar-penandatanganan-kontrak-kinerja-2026-perkuat-komitmen-pencapaian-target-institusi/?lang=id,"Universitas Hasanuddin menggelar kegiatan Penandatanganan Kontrak Kinerja Tahun 2026 yang dipimpin langsung oleh Rektor Unhas, Prof. Dr. Ir. Jamaluddin Jompa, M.Sc., bertempat di Ruang Rapat Senat Lantai 2 Gedung Rektorat Unhas, Senin (26/1). Kegiatan ini turut dihadiri dan didampingi oleh Wakil Rektor Bidang Perencanaan, Pengembangan, dan Keuangan, Prof. Subehan, S.Si., M.Pharm.Sc., Ph.D., Apt., serta Sekretaris Universitas, Prof. Ir. Sumbangan Baja, M.Phil., Ph.D. Dalam pengantarnya, Prof. Subehan menjelaskan bahwa penyusunan dan penetapan kontrak kinerja tahun 2026 diselaraskan dengan kebijakan kementerian, yang kemudian diturunkan ke tingkat universitas dan didistribusikan ke seluruh unit kerja. “Indikator kinerja mandiri yang ditetapkan universitas ditarik dari Rencana Strategis (Renstra) dan disesuaikan dengan target yang realistis serta dapat dicapai hingga tahun 2026,” jelasnya. Ia juga menyampaikan bahwa terdapat penyesuaian target kinerja pada tahun ini, khususnya dalam indikator yang dihitung berdasarkan potensi yang dimiliki universitas, seperti jumlah dosen dan mahasiswa. Hal tersebut menjadi acuan utama dalam penetapan target kinerja masing-masing unit. Sementara itu, dalam arahannya, Rektor Unhas Prof. JJ menekankan pentingnya perhatian pimpinan fakultas terhadap efisiensi pendidikan, khususnya dalam mengidentifikasi mahasiswa yang cenderung membutuhkan waktu lama untuk menyelesaikan studi. “Bapak dan Ibu Dekan perlu secara personal memperhatikan dan mengidentifikasi mahasiswa yang berpotensi mengalami keterlambatan studi, karena hal ini dapat memengaruhi capaian indikator efisiensi pendidikan,” tegasnya. Rektor juga menekankan perlunya evaluasi terhadap capaian kinerja yang belum terpenuhi serta mendorong setiap fakultas untuk menyusun strategi yang tepat agar target dapat tercapai secara optimal. Lebih lanjut, Prof. JJ mengajak seluruh fakultas, unit, lembaga, hingga rumah sakit di lingkungan Universitas Hasanuddin untuk terus meningkatkan kualitas dan kuantitas kinerja melalui kolaborasi dan sinergi lintas unit, guna mencapai target bersama yang telah ditetapkan dalam kontrak kinerja tahun 2026.",berita
Mau Kuliah di Unhas? Ayo. Hadiri Unhas Open Day 2026,https://www.unhas.ac.id/mau-kuliah-di-unhas-ayo-hadiri-unhas-open-day-2026/?lang=id,"Universitas Hasanuddin mengundang para siswa Sekolah Menengah Atas (SMA), khususnya yang saat ini duduk di kelas XII, untuk menghadiri Unhas Open Day (UOD) 2026. Kegiatan ini akan berlangsung selama 2 hari, yaitu Sabtu dan Minggu, 7 dan 8 Februari 2026, di GOR JK Arenatorium, mulai pukul 08.00 WITA. UOD 2026 merupakan ajang memperkenalkan kampus secara lebih dekat kepada calon mahasiswa dan masyarakat luas. Wakil Rektor Bidang Akademik dan Kemahasiswaan, Prof. drg. Muhammad Ruslin, M.Kes., Ph.D., Sp.BM(K), menjelaskan UOD 2026 merupakan bagian penting dari komitmen Unhas dalam menghadirkan layanan informasi pendidikan tinggi yang terbuka, akurat, dan mudah diakses oleh calon mahasiswa. “Kegiatan tahunan ini kami rancang sebagai ruang komunikasi langsung antara kampus dan calon mahasiswa. Melalui kegiatan ini, peserta dapat memperoleh informasi utuh mengenai sistem pendidikan, pilihan program studi, hingga berbagai peluang pengembangan diri dan beasiswa yang tersedia di Unhas,” ujar Prof Ruslin. UOD 2026 dirancang sebagai ruang interaksi dua arah. Calon mahasiswa tidak hanya menerima informasi, tetapi juga diberi kesempatan berdialog langsung dengan sivitas akademika Unhas, mulai dari dosen, pengelola fakultas, hingga mahasiswa. Dalam pelaksanaannya, UOD 2026 akan menghadirkan berbagai agenda, di antaranya pemaparan informasi fakultas dan program studi, layanan konsultasi akademik, sesi tanya jawab seputar jalur penerimaan mahasiswa baru, serta informasi beasiswa. Selain itu, pengalaman menjelajah kampus menjadi daya tarik tersendiri. Melalui agenda campus tour dan campus loop, peserta akan diajak melihat secara langsung berbagai fasilitas unggulan Unhas yang mendukung kegiatan akademik dan kemahasiswaan. Prof Ruslin menegaskan, Unhas Open Day juga mencerminkan komitmen kampus dalam membangun keterbukaan informasi dan pelayanan publik yang responsif, sejalan dengan upaya peningkatan mutu pendidikan tinggi. “Kami ingin memastikan setiap calon mahasiswa mendapatkan akses informasi yang setara dan transparan. UOD menjadi wujud komitmen Unhas dalam mendampingi generasi muda menyiapkan masa depan akademik dan profesional mereka,” tambahnya. Kegiatan ini terbuka untuk umum dan dapat diikuti secara gratis oleh calon mahasiswa baru. Hingga Rabu sore, jumlah pendaftar telah mencapai sekitar 5.000 peserta yang berasal dari berbagai daerah. Bagi calon peserta yang ingin mengikuti kegiatan ini, proses pendaftaran dapat dilakukan melalui tautan https://s.unhas.ac.id/RegistUOD2026.",berita
"22 Lulusan Terbaik Unhas Raih Penghargaan, Dominasi Predikat Cum Laude",https://www.unhas.ac.id/22-lulusan-terbaik-unhas-raih-penghargaan-dominasi-predikat-cum-laude/?lang=id,"Universitas Hasanuddin menggelar prosesi Wisuda Periode Februari Tahun Akademik 2025/2026 selama dua hari, Selasa–Rabu (3–4 Februari), bertempat di Baruga A.P. Pettarani, Kampus Tamalanrea. Pada momentum akademik ini, sebanyak 1.365 wisudawan dari berbagai jenjang pendidikan secara resmi dikukuhkan sebagai lulusan Universitas Hasanuddin. Pelaksanaan wisuda dibagi ke dalam dua sesi. Sesi pertama diikuti oleh 679 wisudawan, sementara sesi kedua dihadiri oleh 686 wisudawan. Dalam prosesi tersebut, sejumlah wisudawan berhasil mencatatkan prestasi membanggakan sebagai lulusan terbaik, sebagaimana ditetapkan melalui Surat Keputusan Rektor. Nama-nama wisudawan terbaik tersebut dibacakan oleh Direktur Pendidikan Universitas Hasanuddin, Prof. Dr. Risma Illa Maulany, S.Hut., M.NatRest. Adapun nama-nama lulusan terbaik tersebut adalah sebagai berikut: PROGRAM DOKTOR PROGRAM MAGISTER PROGRAM SARJANA FAKULTAS EKSAKTA PROGRAM SARJANA FAKULTAS NON EKSAKTA PROGRAM SUB SPESIALIS PROGRAM SPESIALIS PROGRAM PROFESI PROGRAM SARJANA (TERBAIK SETIAP FAKULTAS) Universitas Hasanuddin memberikan penghargaan berupa piagam kepada lulusan terbaik tingkat universitas dan fakultas dari berbagai jenjang pendidikan. Khusus wisudawan terbaik Program Sarjana bidang Eksakta dan Non-Eksakta, diberikan penghargaan tambahan berupa tabungan pendidikan.",berita
Rektor Unhas Tekankan Penguatan Budaya Ilmiah Global,https://www.unhas.ac.id/rektor-unhas-tekankan-penguatan-budaya-ilmiah-global/?lang=id,"Rektor Unhas, Prof. Dr. Ir. Jamaluddin Jompa, M.Sc, memaparkan perkembangan dan capaian strategis pada momen Wisuda Periode Februari 2026, Tahun Akademik 2025/2026. Wisuda berlangsung pada Selasa dan Rabu (3 dan 4 Februari 2026), di Baruga A.P. Pettarani, Kampus Unhas, Tamalanrea. Unhas semakin menegaskan jati diri institusi sebagai perguruan tinggi bereputasi, baik di tingkat nasional maupun global. Berbagai prestasi Unhas merupakan gambaran komitmen institusi dalam membangun ekosistem akademik yang unggul, berdaya saing, dan berdampak. “Capaian Unhas tidak lahir dari kerja individu, melainkan dari sinergi seluruh elemen sivitas akademika. Kolaborasi antara dosen, tenaga kependidikan, mahasiswa, alumni, dan mitra strategis telah membentuk budaya kerja yang solid, adaptif, dan berorientasi pada kemajuan bersama,” kata Prof JJ dalam sambutannya. Unhas menekankan pentingnya penguatan budaya ilmiah yang terbuka, inklusif, dan berorientasi global sebagai pondasi peningkatan kualitas akademik dan riset. Upaya tersebut menjadi bagian dari strategi meningkatkan reputasi internasional serta menyiapkan sivitas akademika yang adaptif, kolaboratif, dan mampu berkontribusi pada pengembangan ilmu pengetahuan di tingkat global. Salah satu inisiatif strategis yang terus dikembangkan adalah Thematic Research Group (TRG), yang terbukti mampu meningkatkan eksposur akademisi Unhas di tingkat nasional dan internasional, sekaligus membuka peluang kolaborasi dengan berbagai perguruan tinggi dan lembaga riset lintas negara. Salah satu wujud nyata dari komitmen tersebut dengan menyelenggarakan Nobel Laureate Lecture, menghadirkan ilmuwan peraih Nobel sebagai bagian dari langkah strategis internasionalisasi perguruan tinggi. Momentum ini membuka ruang dialog ilmiah, memperluas jejaring dan kolaborasi riset yang berdampak bagi sivitas akademika Unhas dan Indonesia. Keunggulan Unhas semakin diperkuat melalui kolaborasi internasional yang luas. Hingga saat ini, Unhas telah menjalin kemitraan strategis dengan 909 institusi internasional yang tersebar di 45 negara. Kemitraan tersebut membuka peluang bagi mahasiswa dan dosen untuk terlibat dalam riset bersama, pertukaran akademik, serta berbagai program inovatif yang mendukung daya saing global. “Manfaatkan jaringan internasional ini sebaik-baiknya. Kolaborasi yang telah terbangun bukan hanya milik universitas, tetapi juga menjadi akses bagi para alumni untuk terus berkembang, baik di dunia akademik, industri, maupun kewirausahaan,” kata Prof. JJ. Menutup sambutannya, Prof JJ berpesan bahwa wisuda bukanlah akhir dari perjalanan akademik, melainkan awal dari tanggung jawab baru untuk mengaktualisasikan ilmu pengetahuan dan keahlian dalam pengabdian kepada masyarakat, bangsa, dan negara.",berita
Sebanyak 1.365 Wisudawan Baru Pada Wisuda Unhas Periode Februari 2026,https://www.unhas.ac.id/sebanyak-1-365-wisudawan-baru-pada-wisuda-unhas-periode-februari-2026/?lang=id,"Universitas Hasanuddin kembali menyelenggarakan Prosesi Wisuda untuk Periode Februari Tahun Akademik 2025/2026. Sebanyak 1.365 wisudawan dari berbagai jenjang pendidikan secara resmi dikukuhkan sebagai lulusan, terdiri dari 505 (37,00%) laki-laki dan 860 (63,00%) Perempuan. Acara berlangsung dalam dua sesi, mulai Selasa (03/02) dan Rabu (04/02) di Baruga A.P Pettarani, Kampus Unhas Tamalanrea, Makassar. Wakil Rektor Bidang Akademik dan Kemahasiswaan, Prof. drg. Muhammad Ruslin, M.Kes., Ph.D., Sp.BM(K), menyampaikan laporan akademik wisudawan periode Februari, sekaligus berbagai upaya strategis dan capaian bidang akademik dan kemahasiswaan. Prof Ruslin menjelaskan, Unhas terus berkomitmen menjaga keseimbangan antara daya tampung penerimaan mahasiswa baru dengan kualitas lulusan. Dalam tiga tahun terakhir, Unhas menunjukkan trend positif. Unhas juga berkomitmen untuk meminimalisasi angka mahasiswa putus studi di seluruh jenjang pendidikan. Salah satu strategi yang diterapkan adalah monitoring dan evaluasi. “Monitoring evaluasi akademik dilakukan sistematis, bertujuan untuk identifikasi dini berbagai kendala akademik mahasiswa, sehingga dapat diberikan pendampingan yang tepat dan berkelanjutan,” jelas Prof Ruslin. Pendekatan tersebut tidak hanya berdampak pada peningkatan angka kelulusan tepat waktu, tetapi mendorong terciptanya ekosistem akademik yang adaptif dan berorientasi pada keberhasilan mahasiswa. Jumlah Wisudawan Berdasarkan Program Adapun Jumlah Wisudawan Perjenjang Pendidikan yakni : Rata-rata IPK dan Lama Studi: Rata-rata IPK dan Lama Studi Lulusan Terbaik Jumlah Wisudawan per Fakultas Seluruh rangkaian proses wisuda yang terbagi dalam dua sesi berlangsung lancar dan hikmat. Pada hari pertama, jumlah wisudawan yang mengikuti proses wisuda sebanyak 679. Untuk hari kedua, sebanyak 686 wisudawan",berita
"Unhas Gelar Penandatanganan Kontrak Kinerja 2026, Perkuat Komitmen Pencapaian Target Institusi",https://www.unhas.ac.id/unhas-gelar-penandatanganan-kontrak-kinerja-2026-perkuat-komitmen-pencapaian-target-institusi/?lang=id,"Universitas Hasanuddin menggelar kegiatan Penandatanganan Kontrak Kinerja Tahun 2026 yang dipimpin langsung oleh Rektor Unhas, Prof. Dr. Ir. Jamaluddin Jompa, M.Sc., bertempat di Ruang Rapat Senat Lantai 2 Gedung Rektorat Unhas, Senin (26/1). Kegiatan ini turut dihadiri dan didampingi oleh Wakil Rektor Bidang Perencanaan, Pengembangan, dan Keuangan, Prof. Subehan, S.Si., M.Pharm.Sc., Ph.D., Apt., serta Sekretaris Universitas, Prof. Ir. Sumbangan Baja, M.Phil., Ph.D. Dalam pengantarnya, Prof. Subehan menjelaskan bahwa penyusunan dan penetapan kontrak kinerja tahun 2026 diselaraskan dengan kebijakan kementerian, yang kemudian diturunkan ke tingkat universitas dan didistribusikan ke seluruh unit kerja. “Indikator kinerja mandiri yang ditetapkan universitas ditarik dari Rencana Strategis (Renstra) dan disesuaikan dengan target yang realistis serta dapat dicapai hingga tahun 2026,” jelasnya. Ia juga menyampaikan bahwa terdapat penyesuaian target kinerja pada tahun ini, khususnya dalam indikator yang dihitung berdasarkan potensi yang dimiliki universitas, seperti jumlah dosen dan mahasiswa. Hal tersebut menjadi acuan utama dalam penetapan target kinerja masing-masing unit. Sementara itu, dalam arahannya, Rektor Unhas Prof. JJ menekankan pentingnya perhatian pimpinan fakultas terhadap efisiensi pendidikan, khususnya dalam mengidentifikasi mahasiswa yang cenderung membutuhkan waktu lama untuk menyelesaikan studi. “Bapak dan Ibu Dekan perlu secara personal memperhatikan dan mengidentifikasi mahasiswa yang berpotensi mengalami keterlambatan studi, karena hal ini dapat memengaruhi capaian indikator efisiensi pendidikan,” tegasnya. Rektor juga menekankan perlunya evaluasi terhadap capaian kinerja yang belum terpenuhi serta mendorong setiap fakultas untuk menyusun strategi yang tepat agar target dapat tercapai secara optimal. Lebih lanjut, Prof. JJ mengajak seluruh fakultas, unit, lembaga, hingga rumah sakit di lingkungan Universitas Hasanuddin untuk terus meningkatkan kualitas dan kuantitas kinerja melalui kolaborasi dan sinergi lintas unit, guna mencapai target bersama yang telah ditetapkan dalam kontrak kinerja tahun 2026.",berita
